V1,V2,V3,V4,V5,Condition,Q41,Q66,Q46,Q47,Q49,Q48,Q13_1,Q13_2,Q13_3,Q13_4,Q13_5,Q13_6,Q13_11,Q13_12,Q13_13,Q13_14,Q13_15,Q13_16,Q13_17,Q34,Q49,Q50,Q64,Q50,Q50_TEXT,Q51,Q16_1,Q16_2,Q16_3,Q16_4,Q16_5,Q16_6,Q16_7,Q16_8,Q16_9,Q16_10,Q16_11,Q16_12,Q16_12_TEXT,Q65_1,Q65_2,Q65_3,Q65_4,Q65_5,Q65_6,Q65_7,Q65_8,Q65_9,Q65_10,Q65_11,Q65_12,Q65_13,Q65_13_TEXT,Q14_1,Q14_2,Q14_3,Q14_4,Q14_5,Q14_6,Q14_7,Q14_8,Q14_9,Q14_10,Q14_11,Q14_12,Q14_12_TEXT,Q29,Q17_1,Q17_2,Q17_3,Q17_4,Q17_5,Q17_6,Q17_7,Q17_8,Q17_9,Q17_10,Q17_11,Q17_12,Q17_13,Q17_14,Q17_14_TEXT,Q62_1,Q62_2,Q62_3,Q62_4,Q62_5,Q62_6,Q62_7,Q62_8,Q62_9,Q62_10,Q64_1,Q64_2,Q64_3,Q64_4,Q64_4_TEXT,Q66_1,Q66_2,Q66_3,Q66_4,Q66_4_TEXT,Q68_1,Q68_2,Q68_3,Q68_4,Q68_4_TEXT,Q30,Q40,Q40_TEXT,Q42,Q26,Q26_TEXT,Q29
ResponseID,ResponseSet,StartDate,EndDate,Finished,Condition,"ÿ /  /  ÿ /  /   /  ÿ???? /  ??, /  /   /  ÿ /  /   /  ????? ????? ????? ????????? ??? ????? /  ????ÿ(???? ???? ????)....",???:,??? ???? ?????? ????? (?????):,????? ?????? ????? ??????:,????? ????? ??? ????? ?????? ?????? :,??/? ????/? ????:,"?????? ???, ???? ????? ??????? /  ÿ??????? ÿ(??? ???? ?? ??, ??? ???? ?? /  ....ÿ) /  /   /  ÿ /   /   /  ??? ???...-<span style=""font-size: 16px;"">??????? ?????? ??&nbsp;</span>","?????? ???, ???? ????? ??????? /  ÿ??????? ÿ(??? ???? ?? ??, ??? ???? ?? /  ....ÿ) /  /   /  ÿ /   /   /  ??? ???...-<p><span style=""font-size:16px;"">??????? ???? ????? ?? ????</span></p> / ","?????? ???, ???? ????? ??????? /  ÿ??????? ÿ(??? ???? ?? ??, ??? ???? ?? /  ....ÿ) /  /   /  ÿ /   /   /  ??? ???...-<p><span style=""font-size:16px;"">????? ??????</span></p> / ","?????? ???, ???? ????? ??????? /  ÿ??????? ÿ(??? ???? ?? ??, ??? ???? ?? /  ....ÿ) /  /   /  ÿ /   /   /  ??? ???...-<p><span style=""font-size:16px;"">????? ????? ?? ?????</span></p> / ","?????? ???, ???? ????? ??????? /  ÿ??????? ÿ(??? ???? ?? ??, ??? ???? ?? /  ....ÿ) /  /   /  ÿ /   /   /  ??? ???...-<p><span style=""font-size: 16px;"">??????? ??????? ?????</span></p> / ","?????? ???, ???? ????? ??????? /  ÿ??????? ÿ(??? ???? ?? ??, ??? ???? ?? /  ....ÿ) /  /   /  ÿ /   /   /  ??? ???...-<p><span style=""font-size: 16px;"">?? ???? ?? ?????? ??????? ???</span></p> / ","?????? ???, ???? ????? ??????? /  ÿ??????? ÿ(??? ???? ?? ??, ??? ???? ?? /  ....ÿ) /  /   /  ÿ /   /   /  ??? ???...-<p><span style=""font-size: 16px;"">?????? ???? ????? ?????</span></p> / ","?????? ???, ???? ????? ??????? /  ÿ??????? ÿ(??? ???? ?? ??, ??? ???? ?? /  ....ÿ) /  /   /  ÿ /   /   /  ??? ???...-<p><span style=""font-size: 16px;"">????????? ????</span></p> / ","?????? ???, ???? ????? ??????? /  ÿ??????? ÿ(??? ???? ?? ??, ??? ???? ?? /  ....ÿ) /  /   /  ÿ /   /   /  ??? ???...-<p><span style=""font-size: 16px;"">??????? ??????/????? ???? ???? ????</span></p> / ","?????? ???, ???? ????? ??????? /  ÿ??????? ÿ(??? ???? ?? ??, ??? ???? ?? /  ....ÿ) /  /   /  ÿ /   /   /  ??? ???...-<span style=""font-size: 16px;"">?? ????????? ?????? ????</span>","?????? ???, ???? ????? ??????? /  ÿ??????? ÿ(??? ???? ?? ??, ??? ???? ?? /  ....ÿ) /  /   /  ÿ /   /   /  ??? ???...-<span style=""font-size: 16px;"">??????? ????? ?? ?????</span>","?????? ???, ???? ????? ??????? /  ÿ??????? ÿ(??? ???? ?? ??, ??? ???? ?? /  ....ÿ) /  /   /  ÿ /   /   /  ??? ???...-<span style=""font-size: 16px;"">?????? ????? ?????</span>","?????? ???, ???? ????? ??????? /  ÿ??????? ÿ(??? ???? ?? ??, ??? ???? ?? /  ....ÿ) /  /   /  ÿ /   /   /  ??? ???...-<span style=""font-size: 16px;"">?????? ???? ??????????</span>",????? ???? ??/? ????/? ?? ???? ?????? ??? ?????? ?? ??????? ???????ÿ??? ????? ??????? (???? ????...,?? ??? ???? ?? ????? ?? ????? ?????? ????? ?????? ?????? ???? 10 = ????? ??? ??? ÿ ÿ ÿ ÿ 0= ??? ?...,??? ??????ÿ,??? ????? ???:,??? ?????:,??? ?????:-TEXT,??? ??/? ????/? ????? ???? ???ÿ,"??? ???? ??? ??????? / ????? ?????????? ???????? ????, ??? ??/?? ???? ÿ????? / ??????,ÿ?????? /  ÿ...-<p><span style=""font-size: 16px;""><font color=""#000000""><span dir=""RTL"" lang=""HE"" style=""font-family: &quot;Arial&quot;,&quot;sans-serif&quot;; mso-ascii-theme-font: minor-bidi; mso-hansi-theme-font: minor-bidi; mso-bidi-theme-font: minor-bidi; mso-fareast-font-family: &quot;Times New Roman&quot;; mso-ansi-language: EN-US; mso-fareast-language: EN-US; mso-bidi-language: HE;"">?????? ??????? ???????&nbsp;????? ???? ???? ???</span></font></span></p> / ","??? ???? ??? ??????? / ????? ?????????? ???????? ????, ??? ??/?? ???? ÿ????? / ??????,ÿ?????? /  ÿ...-<p><span style=""font-size: 16px;"">????? ?????? ???? ?? ???? (??????: ????? ????????)</span></p>","??? ???? ??? ??????? / ????? ?????????? ???????? ????, ??? ??/?? ???? ÿ????? / ??????,ÿ?????? /  ÿ...-<p><span style=""font-size: 16px;"">????? ??? ???????/??????/????</span></p> / ","??? ???? ??? ??????? / ????? ?????????? ???????? ????, ??? ??/?? ???? ÿ????? / ??????,ÿ?????? /  ÿ...-<span style=""font-size: 16px;"">????? ??????&nbsp;</span>","??? ???? ??? ??????? / ????? ?????????? ???????? ????, ??? ??/?? ???? ÿ????? / ??????,ÿ?????? /  ÿ...-<span style=""font-size: 16px;"">????? ????? ??? ????</span>","??? ???? ??? ??????? / ????? ?????????? ???????? ????, ??? ??/?? ???? ÿ????? / ??????,ÿ?????? /  ÿ...-<span style=""font-size: 16px"">????? ?????&nbsp;</span>","??? ???? ??? ??????? / ????? ?????????? ???????? ????, ??? ??/?? ???? ÿ????? / ??????,ÿ?????? /  ÿ...-<span style=""font-size: 16px;"">??? ????? ??????</span>","??? ???? ??? ??????? / ????? ?????????? ???????? ????, ??? ??/?? ???? ÿ????? / ??????,ÿ?????? /  ÿ...-<span style=""font-size: 16px;"">???? ?????? ( ????': ????? ??? ??? ???? ?????? ???????)</span>","??? ???? ??? ??????? / ????? ?????????? ???????? ????, ??? ??/?? ???? ÿ????? / ??????,ÿ?????? /  ÿ...-<span style=""font-size: 16px;"">?????? ??? (??????: ??????, ?????? ?????? ?? ??? ???? ???- ??? ??????)</span>","??? ???? ??? ??????? / ????? ?????????? ???????? ????, ??? ??/?? ???? ÿ????? / ??????,ÿ?????? /  ÿ...-<span style=""font-size: 16px;"">&quot;???&quot;/???????/????? ?????</span>","??? ???? ??? ??????? / ????? ?????????? ???????? ????, ??? ??/?? ???? ÿ????? / ??????,ÿ?????? /  ÿ...-<span style=""font-size: 16px;"">????? ?????</span>","??? ???? ??? ??????? / ????? ?????????? ???????? ????, ??? ??/?? ???? ÿ????? / ??????,ÿ?????? /  ÿ...-<span style=""font-size: 16px;"">???</span>","??? ???? ??? ??????? / ????? ?????????? ???????? ????, ??? ??/?? ???? ÿ????? / ??????,ÿ?????? /  ÿ...-<span style=""font-size: 16px;"">???</span>-TEXT","???? ???? ?????????? ??? ??????? ???, ????/' ???ÿ?????? ????? ?????ÿ ?????? ?????ÿ??? ??/?? ?????...-<span style=""font-size: 16px;"">?? ?????? ???????? ???????</span>","???? ???? ?????????? ??? ??????? ???, ????/' ???ÿ?????? ????? ?????ÿ ?????? ?????ÿ??? ??/?? ?????...-<span style=""font-size: 16px"">?????? ??????? ??????? ??? ???</span>","???? ???? ?????????? ??? ??????? ???, ????/' ???ÿ?????? ????? ?????ÿ ?????? ?????ÿ??? ??/?? ?????...-<span style=""font-size: 16px"">????? ?????? ???? ?? ????</span>","???? ???? ?????????? ??? ??????? ???, ????/' ???ÿ?????? ????? ?????ÿ ?????? ?????ÿ??? ??/?? ?????...-<span style=""font-size: 16px"">????? ??? ???????/??????/????</span>","???? ???? ?????????? ??? ??????? ???, ????/' ???ÿ?????? ????? ?????ÿ ?????? ?????ÿ??? ??/?? ?????...-<span style=""font-size: 16px"">????? ??????</span>","???? ???? ?????????? ??? ??????? ???, ????/' ???ÿ?????? ????? ?????ÿ ?????? ?????ÿ??? ??/?? ?????...-<span style=""font-size: 16px"">????? ????? ??? ????</span>","???? ???? ?????????? ??? ??????? ???, ????/' ???ÿ?????? ????? ?????ÿ ?????? ?????ÿ??? ??/?? ?????...-<span style=""font-size: 16px;"">??/?? ????/? ????? ?? ????? ???/? ????</span>","???? ???? ?????????? ??? ??????? ???, ????/' ???ÿ?????? ????? ?????ÿ ?????? ?????ÿ??? ??/?? ?????...-<span style=""font-size: 16px"">??? ????? ??????</span>","???? ???? ?????????? ??? ??????? ???, ????/' ???ÿ?????? ????? ?????ÿ ?????? ?????ÿ??? ??/?? ?????...-<span style=""font-size: 16px"">???? ??????</span>","???? ???? ?????????? ??? ??????? ???, ????/' ???ÿ?????? ????? ?????ÿ ?????? ?????ÿ??? ??/?? ?????...-<span style=""font-size: 16px;"">??????? ?????? ???&nbsp;</span>","???? ???? ?????????? ??? ??????? ???, ????/' ???ÿ?????? ????? ?????ÿ ?????? ?????ÿ??? ??/?? ?????...-<span style=""font-size: 16px"">&quot;???&quot;/ ???????/ ????? ?????</span>","???? ???? ?????????? ??? ??????? ???, ????/' ???ÿ?????? ????? ?????ÿ ?????? ?????ÿ??? ??/?? ?????...-<span style=""font-size: 16px"">????? ?????</span>","???? ???? ?????????? ??? ??????? ???, ????/' ???ÿ?????? ????? ?????ÿ ?????? ?????ÿ??? ??/?? ?????...-<span style=""font-size: 16px"">???</span>","???? ???? ?????????? ??? ??????? ???, ????/' ???ÿ?????? ????? ?????ÿ ?????? ?????ÿ??? ??/?? ?????...-<span style=""font-size: 16px"">???</span>-TEXT","????? ??????? ????? ??????, ??? ??????/?ÿ???????? /  ???????? ?????? ????? ??????,ÿ /  /   /  ???? ???? ?...-<p><span style=""font-size: 16px;"">??????? ??? ????? ???</span></p> / ","????? ??????? ????? ??????, ??? ??????/?ÿ???????? /  ???????? ?????? ????? ??????,ÿ /  /   /  ???? ???? ?...-<p><span style=""font-size: 16px;"">????? ?? ??????</span></p> / ","????? ??????? ????? ??????, ??? ??????/?ÿ???????? /  ???????? ?????? ????? ??????,ÿ /  /   /  ???? ???? ?...-<p><span style=""font-size: 16px;"">????? ???/?? ?????/?</span></p>","????? ??????? ????? ??????, ??? ??????/?ÿ???????? /  ???????? ?????? ????? ??????,ÿ /  /   /  ???? ???? ?...-<p><span style=""font-size: 16px;"">?????? ????/?</span></p> / ","????? ??????? ????? ??????, ??? ??????/?ÿ???????? /  ???????? ?????? ????? ??????,ÿ /  /   /  ???? ???? ?...-<p><span style=""font-size: 16px;"">?????? ??? ?????/?????</span></p> / ","????? ??????? ????? ??????, ??? ??????/?ÿ???????? /  ???????? ?????? ????? ??????,ÿ /  /   /  ???? ???? ?...-<p><span style=""font-size: 16px;"">????? ??? ?????-????????/???? ?????/????????/????? ????????</span></p> / ","????? ??????? ????? ??????, ??? ??????/?ÿ???????? /  ???????? ?????? ????? ??????,ÿ /  /   /  ???? ???? ?...-<p><span style=""font-size: 16px;"">????? ????? ???? ?????? ?? ????????</span></p> / ","????? ??????? ????? ??????, ??? ??????/?ÿ???????? /  ???????? ?????? ????? ??????,ÿ /  /   /  ???? ???? ?...-<p><span style=""font-size: 16px;"">?????? ?? ????? ?????? ????</span></p> / ","????? ??????? ????? ??????, ??? ??????/?ÿ???????? /  ???????? ?????? ????? ??????,ÿ /  /   /  ???? ???? ?...-<p><span style=""font-size: 16px;"">????? ??????(??? ??????/?)</span></p> / ","????? ??????? ????? ??????, ??? ??????/?ÿ???????? /  ???????? ?????? ????? ??????,ÿ /  /   /  ???? ???? ?...-<p><span style=""font-size: 16px;"">?????? ?? ????? ?????? ???????</span></p> / ","????? ??????? ????? ??????, ??? ??????/?ÿ???????? /  ???????? ?????? ????? ??????,ÿ /  /   /  ???? ???? ?...-<p><span style=""font-size: 16px;"">?????  ????? ????- &quot;?????? ??&quot;</span></p>","????? ??????? ????? ??????, ??? ??????/?ÿ???????? /  ???????? ?????? ????? ??????,ÿ /  /   /  ???? ???? ?...-<p><span style=""font-size: 16px;"">???</span></p> / ","????? ??????? ????? ??????, ??? ??????/?ÿ???????? /  ???????? ?????? ????? ??????,ÿ /  /   /  ???? ???? ?...-<p><span style=""font-size: 16px;"">???</span></p> / -TEXT",ÿ /  /  ÿ??? ??? ?????? /  .....,"ÿ /  /   /  ???? ??? ???????, ????? ???? ??? ??????? /  ?????...-<p><span style=""font-size: 16px;"">??? ??? ????</span></p> / ","ÿ /  /   /  ???? ??? ???????, ????? ???? ??? ??????? /  ?????...-<p><span style=""font-size: 16px;"">????</span></p> / ","ÿ /  /   /  ???? ??? ???????, ????? ???? ??? ??????? /  ?????...-<p><span style=""font-size: 16px;"">??????</span></p> / ","ÿ /  /   /  ???? ??? ???????, ????? ???? ??? ??????? /  ?????...-<p><span style=""font-size: 16px;"">???? ?????</span></p> / ","ÿ /  /   /  ???? ??? ???????, ????? ???? ??? ??????? /  ?????...-<p><span style=""font-size: 16px;"">???? ????</span></p> / ","ÿ /  /   /  ???? ??? ???????, ????? ???? ??? ??????? /  ?????...-<p><span style=""font-size: 16px;"">??????? ?????? ????? (????? ??? ?? ????? ???????)</span></p> / ","ÿ /  /   /  ???? ??? ???????, ????? ???? ??? ??????? /  ?????...-<p><span style=""font-size: 16px;"">????? ?????? ????? (???, ???, ??)</span></p> / ","ÿ /  /   /  ???? ??? ???????, ????? ???? ??? ??????? /  ?????...-<p><span style=""font-size: 16px;"">????????? ??????</span></p> / ","ÿ /  /   /  ???? ??? ???????, ????? ???? ??? ??????? /  ?????...-<p><span style=""font-size: 16px;"">????? ????? ???? ??????</span></p> / ","ÿ /  /   /  ???? ??? ???????, ????? ???? ??? ??????? /  ?????...-<p><span style=""font-size: 16px;"">????? ?????? ?????</span></p> / ","ÿ /  /   /  ???? ??? ???????, ????? ???? ??? ??????? /  ?????...-<p><span style=""font-size: 16px;"">????? ?????????</span></p> / ","ÿ /  /   /  ???? ??? ???????, ????? ???? ??? ??????? /  ?????...-<p><span style=""font-size: 16px;"">????? ??????? ?????</span></p> / ","ÿ /  /   /  ???? ??? ???????, ????? ???? ??? ??????? /  ?????...-<p><span style=""font-size: 16px;"">?????? ?? ????? ???? ?????? ???????</span></p> / ","ÿ /  /   /  ???? ??? ???????, ????? ???? ??? ??????? /  ?????...-<p><span style=""font-size: 16px;"">???</span></p> / ","ÿ /  /   /  ???? ??? ???????, ????? ???? ??? ??????? /  ?????...-<p><span style=""font-size: 16px;"">???</span></p> / -TEXT","??? ??? ????? ???? ??? / ?????/? ?? ??????? ?????-<p><span style=""font-size: 16px;"">??? ?????/? ??? ?? ?? ????? ??????? ?? ??????? ???????</span></p> / ","??? ??? ????? ???? ??? / ?????/? ?? ??????? ?????-<p><span style=""font-size: 16px;"">??? ?????/? ?????? ???????? ????? ??????</span></p> / ","??? ??? ????? ???? ??? / ?????/? ?? ??????? ?????-<p><span style=""font-size: 16px;"">??? ????/? ????? ???? ????? ??????? ?? ?????/? ??</span></p> / ","??? ??? ????? ???? ??? / ?????/? ?? ??????? ?????-<p><span style=""font-size: 16px;"">?? ?????? ??? ????? ????? ??????-????? ????</span></p> / ","??? ??? ????? ???? ??? / ?????/? ?? ??????? ?????-<p><span style=""font-size: 16px;"">?? ??? ???? ??????? ??????, ??? ??? ???/? ????/?</span></p> / ","??? ??? ????? ???? ??? / ?????/? ?? ??????? ?????-<p><span style=""font-size: 16px;"">??? ????/? ?????? ?? ????? ?? ?????/? ??</span></p> / ","??? ??? ????? ???? ??? / ?????/? ?? ??????? ?????-<p><span style=""font-size: 16px;"">????? ???? ??????? ??????/? ???/?, ??? ????/? ????? ????...</span></p> / ","??? ??? ????? ???? ??? / ?????/? ?? ??????? ?????-<p><span style=""font-size: 16px;"">??? ?????/? ?????/? ?? ????????/? ????? ????</span></p> / ","??? ??? ????? ???? ??? / ?????/? ?? ??????? ?????-<p><span style=""font-size: 16px;"">??? ?????/? ????? ???????? ??????? ?????</span></p> / ","??? ??? ????? ???? ??? / ?????/? ?? ??????? ?????-<span style=""font-size: 16px;"">??? ????/? ???? ?????? ?????/?</span>","????????, ???? ?????? ???? ?????? ?????ÿÿ???? ???? ???????? ???? ???...-<span style=""font-size: 16px;"">???????</span>","????????, ???? ?????? ???? ?????? ?????ÿÿ???? ???? ???????? ???? ???...-<span style=""font-size: 16px;"">?????? ?????/?</span>","????????, ???? ?????? ???? ?????? ?????ÿÿ???? ???? ???????? ???? ???...-<span style=""font-size: 16px;"">?????? ?????/?</span>","????????, ???? ?????? ???? ?????? ?????ÿÿ???? ???? ???????? ???? ???...-<span style=""font-size: 16px;"">???</span>","????????, ???? ?????? ???? ?????? ?????ÿÿ???? ???? ???????? ???? ???...-<span style=""font-size: 16px;"">???</span>-TEXT","????????, ???? ????/? ???/?? ??????/? ???????? ???? ???-<p><span style=""font-size: 16px;"">?? ????/? ???? ?? ????/?</span></p> / ","????????, ???? ????/? ???/?? ??????/? ???????? ???? ???-<span style=""font-size: 16px;"">????/? ??????/?</span>","????????, ???? ????/? ???/?? ??????/? ???????? ???? ???-<span style=""font-size: 16px;"">????/? ??????</span>","????????, ???? ????/? ???/?? ??????/? ???????? ???? ???-<span style=""font-size: 16px;"">???</span>","????????, ???? ????/? ???/?? ??????/? ???????? ???? ???-<span style=""font-size: 16px;"">???</span>-TEXT","????????, ???? ?????? ?????? ????? ???????? ???? ???-<span style=""font-size: 16px;"">?? ????? ???? ?? ?????</span>","????????, ???? ?????? ?????? ????? ???????? ???? ???-<span style=""font-size: 16px;"">????? ???????</span>","????????, ???? ?????? ?????? ????? ???????? ???? ???-<span style=""font-size: 16px;"">????? ??????</span>","????????, ???? ?????? ?????? ????? ???????? ???? ???-<span style=""font-size: 16px;"">???</span>","????????, ???? ?????? ?????? ????? ???????? ???? ???-<span style=""font-size: 16px;"">???</span>-TEXT",?????? ?? ??/? ????/?:,????:,????:-TEXT,???? ??????:,????:,????:-TEXT,?????:ÿ
R_9SGZ7AIh4jL11T7,Default Response Set,11-11-15 3:49,11-11-15 3:55,1,2,1,3,1989,4,1,4,1,1,12,1,6,3,12,12,2,6,12,5,4,4,8,2,1965,1,,1,6,7,6,6,6,6,6,6,3,6,7,7,,,,,,,,,1,,,,,,,13,,,,,,,,,,,,,1,6,7,7,7,4,5,5,7,6,6,4,4,7,7,,6,7,7,5,5,6,7,6,7,3,1,,,,,,1,,,,,1,,,,1,2,,1,1,,1
R_3NUqaFpZJq9VxcQ,Default Response Set,11-11-15 3:35,12-11-15 3:55,1,1,1,3,1996,4,1,4,2,12,2,2,5,3,2,12,4,5,12,6,4,10,2,1,1965,3,,2,7,7,7,6,7,7,7,6,5,7,7,6,,1,,,,,,,,,,,,,.,,,13,,,,,,,,,,.,1,6,7,7,6,7,6,6,6,7,7,5,5,6,,,2,4,6,2,4,7,7,6,7,2,,1,,,,,,1,,,1,,,,,1,4,,1,1,,1
R_1LzXaIuWVBkF91f,Default Response Set,11-11-15 17:47,13-11-15 3:55,1,2,1,4,2007,4,1,4,1,1,2,1,6,6,2,2,12,2,12,5,5,1,7,2,1981,1,,1,7,7,7,7,7,6,7,7,5,7,7,,,,,,,,,1,,,,,,,,,,13,13,,,,,13,,,,,1,4,6,7,7,3,7,3,7,1,7,7,7,7,,,1,2,1,7,5,7,7,3,7,1,,1,,,,,,1,,,1,,,,,1,11,????,1,1,,1
R_1PcUNWePu9ZRpvb,Default Response Set,11-11-15 17:46,14-11-15 3:55,1,1,1,4,1999,4,2,4,2,2,2,2,5,5,2,2,12,5,12,5,5,2,9,2,1973,1,,1,6,6,6,4,4,4,6,6,3,7,7,7,,,,,,,1,1,,,,,,,,,,,13,,,,,13,,,,,1,6,6,6,6,4,6,4,7,5,6,6,6,6,,,3,3,3,6,3,6,6,6,6,4,,1,,,,,,1,,,,,1,,,5,11,?????,1,1,,1
R_ac3AabZKtMrTdst,Default Response Set,11-11-15 17:56,15-11-15 3:55,1,4,1,,,,,,,,,,,,,,,,,,,,,,,,,,,,,,,,,,,,,,,,,,,,,,,,,,,,,,,,,,,,,,,,,,1,,,,,,,,,,,,,,,,,,,,,,,,,,,,,,,,,,,,,,,,,,,,,,,
R_1QnDbhXmrIKqjRY,Default Response Set,11-11-15 17:51,16-11-15 3:55,1,3,1,3,2014,1,1,4,2,2,2,2,4,5,2,12,4,6,12,6,5,0,9,2,1978,3,,2,6,6,7,6,6,7,7,7,6,7,7,7,,1,,,,,,,,,,,,,,,,,,,,,,,,,13,,1,4,6,6,4,6,4,6,7,7,7,6,4,7,7,,6,3,3,3,3,6,6,6,7,4,1,,,,,,,1,,,,,1,,,5,10,,2,1,,1
R_6GtJmS9FijZGGHv,Default Response Set,11-11-15 18:01,17-11-15 3:55,1,3,1,4,2000,3,2,1,2,2,2,2,5,4,3,3,1,4,2,5,3,1,10,2,1978,3,,1,7,5,7,5,4,3,6,3,2,7,7,7,,,,,,,,,,,1,,,,,,,,,,,,13,,,,,,1,2,5,3,6,6,4,3,5,3,6,1,2,2,7,,2,3,3,6,4,7,7,6,5,2,,1,,,,,,1,,,,,1,,,5,11,????,2,1,,1
R_czPTxNEorgs8Wlj,Default Response Set,11-11-15 18:01,18-11-15 3:55,1,1,1,3,2014,2,1,4,3,4,4,4,12,12,4,4,12,12,4,12,12,9,6,2,1990,3,,1,1,1,2,2,1,3,1,1,1,1,7,,,,,,,,,,,,1,,,,,,,13,,,,,,,,,,,1,3,3,4,3,3,1,3,5,2,2,2,2,1,,,3,2,2,2,2,1,3,7,2,3,1,,,,,,1,,,,1,,,,,1,3,,1,1,,1
R_3g5CUPrJOTiWKY6,Default Response Set,11-11-15 17:51,19-11-15 3:55,1,1,1,3,2009,3,1,4,12,12,12,2,4,4,12,12,2,5,2,5,5,4,6,2,1070,3,,1,6,5,7,7,6,7,6,7,6,7,7,7,,,,1,,,1,,,,1,,,,,,,,,13,,,,,,,,,1,4,6,6,5,7,7,4,7,1,5,4,,4,,,5,2,4,2,3,7,6,6,,4,,,,1,,,,1,,,1,,,,,1,8,,1,1,,1
R_1OOKhSyCJ2HyFha,Default Response Set,11-11-15 18:01,20-11-15 3:55,1,3,1,4,1993,4,1,4,12,3,3,2,4,4,3,12,12,4,2,5,5,2,9,2,1972,1,,1,6,5,6,6,6,6,6,5,3,7,7,7,,1,,,,1,,,,,1,,,,,13,,,13,13,,,,,,,,,1,5,7,7,7,7,5,7,7,4,7,7,5,6,7,,1,1,4,1,1,5,7,4,7,1,1,1,,,,,,1,,,1,,,,,4,5,,1,1,,1
R_2bN5Efg72M0vj9A,Default Response Set,11-11-15 18:14,21-11-15 3:55,1,4,1,4,1985,4,1,1,12,2,2,2,6,5,2,2,3,6,2,5,5,2,8,2,1966,3,,1,6,6,6,4,5,3,7,5,2,6,7,7,,,,,1,1,,1,,,1,,,,,,,,,,,13,,,,,,,1,4,5,5,5,5,4,4,4,4,4,4,4,3,,,3,2,6,4,2,4,7,3,6,2,,,1,1,,,1,,,,,1,,,,5,11,?????,1,1,,3
R_2wELoEkpCWzvO6f,Default Response Set,11-11-15 18:05,22-11-15 3:55,1,4,1,3,2014,2,1,4,12,12,2,12,4,5,3,12,2,6,12,5,5,0,0,2,1982,1,,1,6,6,7,6,7,5,6,6,4,7,7,,,,,,,,,,,,1,,,,,13,,,,,,,,,,,,,1,5,7,6,7,6,7,6,6,4,7,6,7,7,,,1,4,7,7,4,7,7,5,7,2,,,,1,???? ???????,,1,,,,,,,1,?? ????? ,1,2,,1,1,,1
R_3mgk3McSiYXv65A,Default Response Set,11-11-15 18:20,23-11-15 3:55,1,4,1,3,2011,4,1,4,12,3,12,12,4,4,3,2,12,4,12,4,4,7,4,2,1983,1,,1,5,4,6,6,6,6,4,6,5,7,7,7,,,,1,,,,,,,,,,,,,,,13,,,,,,,13,,,1,4,4,3,6,5,4,3,6,2,5,5,2,2,,,3,3,1,2,3,2,6,3,3,5,,,,1,,,,,1,,,1,,,,1,4,,1,1,,2
R_cIltyqUQ5UvWKu9,Default Response Set,11-11-15 18:23,24-11-15 3:55,1,2,1,3,2004,3,2,1,2,12,2,12,4,5,3,12,5,6,2,6,5,0,9,2,1976,1,,1,6,5,6,6,6,7,6,5,5,7,7,7,,1,1,1,,,,,1,,1,,,,,13,,,13,13,,13,,,,,13,,1,6,6,6,6,6,6,6,7,6,7,6,6,7,7,,1,2,2,7,5,7,7,5,7,4,1,,,,,,,1,,,1,,,,,1,2,,1,1,,1
R_An71Q0CllMaPmKd,Default Response Set,11-11-15 18:16,25-11-15 3:55,1,1,1,3,2009,4,1,1,3,3,3,3,3,3,2,3,3,3,3,3,3,7,4,2,1987,1,,2,3,2,2,3,6,4,3,2,1,3,6,,,,,1,1,,,1,,,1,,,,,13,,,13,13,,,,,,13,,,1,4,4,6,6,5,2,2,7,4,3,3,3,2,,,7,5,5,,5,4,5,6,3,6,1,,1,,,,1,,,,,1,,,,1,1,,1,2,,1
R_WvdpiuaiRgJlyyB,Default Response Set,11-11-15 18:24,26-11-15 3:55,1,2,1,3,2014,2,1,4,3,2,4,3,5,5,3,2,2,5,12,5,4,2,8,2,1988,2,,1,4,5,6,6,6,7,6,7,2,6,7,7,,1,,,,,,,,,1,,,,,13,,,,,,,,,,,,,1,4,6,6,6,2,5,3,7,6,7,5,4,6,,,3,2,2,3,5,7,7,7,7,2,,1,,,,1,,,,,1,,,,,1,1,,3,1,,3
R_pPNinoPPtcrfChz,Default Response Set,11-11-15 18:10,27-11-15 3:55,1,2,1,3,2011,3,2,1,3,4,4,3,2,2,3,3,3,3,3,5,2,3,5,2,1985,1,,1,4,4,3,3,3,3,3,3,3,5,7,,,,,,,,1,,,,,,,,,,,,,,,,13,,,,,,1,3,3,5,4,3,3,3,7,4,4,2,2,2,,,5,4,4,4,2,5,4,6,6,4,1,,,,,,,1,,,,1,,,,5,3,,1,1,,3
R_1hQ0XoCLlYtMPZ8,Default Response Set,11-11-15 18:27,28-11-15 3:55,1,4,1,3,1993,4,1,1,2,12,2,2,5,4,2,12,3,5,12,2,3,2,8,2,1972,1,,1,4,4,6,3,4,4,6,6,2,6,7,,,,,1,,1,,,,,1,,,,,,,,,,,,13,13,,13,,,1,4,2,6,6,6,1,3,6,2,6,6,6,6,,,2,3,2,6,2,6,6,5,6,1,,1,,,,,,1,,,,,1,,,1,4,,1,2,,3
R_3m7ZcN4RrLZ1LUx,Default Response Set,11-11-15 18:29,29-11-15 3:55,1,1,1,4,2004,1,2,4,1,1,12,2,5,2,2,3,5,6,1,6,5,3,9,2,1981,3,,1,6,6,7,5,6,7,7,6,7,7,7,7,,1,,,,,,,,,,,,,,,,,,,,13,,,,,,,1,6,,,,,,,,6,,,,,,,1,1,1,1,1,7,7,1,7,1,1,,,,,,,1,,,1,,,,,1,7,,1,1,,1
R_3snVh1kGoTqoTdf,Default Response Set,11-11-15 18:31,30-11-15 3:55,1,2,1,3,2015,3,2,2,2,5,5,4,2,3,5,12,12,3,3,5,4,7,8,2,1986,1,,1,1,3,4,3,1,4,1,1,1,7,7,,,,,,,,,,1,,,,,,,,13,,,,,,,,,,,,1,3,5,7,3,7,2,1,1,3,3,1,1,1,,,3,1,4,3,2,2,5,7,4,1,1,,,,,,1,,,,,1,,,,1,7,,1,1,,1
R_3IS5T2rhaAmRVp0,Default Response Set,11-11-15 18:30,01-12-15 3:55,1,3,1,3,2014,1,1,4,12,12,3,2,4,4,4,4,4,4,2,4,4,8,5,2,1988,1,,1,1,4,5,4,6,6,4,4,1,1,7,7,,,,,,,,,,,1,,,,,13,,,,13,,,,,,,,,1,3,3,3,3,1,1,1,7,5,2,2,2,2,7,,5,4,4,6,5,4,4,7,7,4,1,,,,,,1,,,,1,,,,,1,7,,1,1,,1
R_1Fsw66y7NbEs165,Default Response Set,11-11-15 18:35,02-12-15 3:55,1,4,1,4,1979,4,1,1,12,12,12,12,4,4,3,12,12,5,4,4,4,9,9,2,1958,1,,1,6,6,7,6,7,2,4,3,1,4,3,,,,1,,,,,1,1,,1,1,,,,,,,13,,,13,,,,13,,,1,3,6,5,5,5,6,5,7,,4,4,4,4,,,5,2,2,6,5,7,2,2,5,3,1,,,,,,1,,,,1,,,,,1,11,,1,1,,1
R_RELxrMWKKKKPWGR,Default Response Set,11-11-15 18:37,03-12-15 3:55,1,2,1,4,93,4,1,1,1,3,3,1,6,2,3,12,12,4,2,4,5,0,10,2,65,3,,1,3,6,6,7,6,6,6,6,6,6,6,6,,1,,,,,,,,,,,,,,,,13,,,,,,,,,,,1,6,7,7,7,7,7,7,7,7,7,7,7,7,7,,1,1,1,5,1,5,7,1,7,1,,1,,,,,,1,,,,,1,,,1,4,,1,1,,1
R_28Zjs4NNqUUMYSu,Default Response Set,11-11-15 18:47,04-12-15 3:55,1,1,1,4,1979,4,2,3,2,2,12,2,5,5,12,12,4,5,12,6,5,0,10,2,1955,1,,1,6,7,7,7,7,7,7,7,7,7,7,7,,1,,,,,,,,,,,,,,,,,,,,,,,,,,,1,6,7,7,6,3,6,3,7,4,7,6,7,7,7,,1,2,3,6,2,7,7,7,7,2,,1,,,,1,,,,,1,,,,,1,7,,1,1,,1
R_1K7PUujVitIe1PJ,Default Response Set,11-11-15 18:46,05-12-15 3:55,1,3,1,3,2014,2,1,4,2,2,4,3,4,4,4,2,5,5,4,6,5,6,5,2,1987,1,,1,4,2,4,2,4,2,3,3,2,2,7,7,,,,,,,,,,,,,,,,13,,13,13,13,,13,,,,13,,,1,1,2,4,6,2,2,1,4,3,1,1,1,1,,,4,1,1,3,5,7,3,4,4,6,1,,,,,,1,,,,1,,,,,1,10,,1,1,,1
R_9TR5K63omE08bwB,Default Response Set,11-11-15 18:37,06-12-15 3:55,1,4,1,3,2000,4,2,4,4,5,6,6,12,1,6,6,1,1,6,1,1,10,10,2,1977,1,,1,1,1,1,1,1,1,1,3,1,1,7,7,,,,1,1,1,1,1,1,1,1,1,,,,,,13,,13,,,13,,,,13,?? ?? ???? ?? ????? ??? ????? ????,1,1,6,2,2,2,7,7,7,4,4,1,1,1,1,??? ????? ?????,5,1,6,1,1,7,1,3,1,6,1,,,,,,1,,1,???? ??? ??????,,1,,,,5,11,?????? ??????,1,1,,3
R_ZDjwOX145AP0ukh,Default Response Set,11-11-15 19:01,07-12-15 3:55,1,4,1,3,2015,3,1,4,2,2,2,2,4,3,2,2,4,4,2,5,5,2,10,2,1985,3,,2,6,7,7,6,6,5,6,6,4,7,7,,,,,,,,,,,,1,,,,,,,13,,,,,,,,,,,1,7,7,7,7,5,7,5,7,5,7,5,6,7,,,3,1,3,7,3,3,7,4,7,4,1,,,,,,,1,,,,,1,,,1,1,,1,1,,1
R_2qdXNsMIp3iBGMH,Default Response Set,11-11-15 19:07,08-12-15 3:55,1,1,1,4,1997,4,1,1,12,1,12,12,6,6,1,1,2,6,12,6,6,10,7,2,1970,1,,1,6,6,7,7,7,7,6,6,4,7,7,7,,1,,,,,,,,,,,,,,,,,,,,,,,,,,,1,7,7,7,7,7,7,7,7,7,7,7,7,7,,,1,1,7,7,2,7,7,7,7,1,,1,,,,,,1,,,,,1,,,1,11,,1,1,,1
R_24M0LtIgPohgfAf,Default Response Set,11-11-15 19:08,09-12-15 3:55,1,4,1,3,1992,4,1,1,3,5,5,4,3,4,3,3,12,4,3,6,6,3,5,2,1972,1,,1,5,7,7,5,3,6,6,4,2,7,7,7,,,,,,,1,1,,,1,,,,,,,,,13,,,,13,,,13,?? ???????,1,3,7,7,6,1,2,2,7,3,7,2,2,3,,,4,4,6,6,4,7,7,6,3,3,1,,,,,1,,,,,,,,1,??????,3,11,????????,2,1,,2
R_3rOOZFcEoC4IZvV,Default Response Set,11-11-15 19:19,10-12-15 3:55,1,2,1,,,,,,,,,,,,,,,,,,,,,,,,,,,,,,,,,,,,,,,,,,,,,,,,,,,,,,,,,,,,,,,,,,1,,,,,,,,,,,,,,,,,,,,,,,,,,,,,,,,,,,,,,,,,,,,,,,
R_sN0LpHsaA20U2WZ,Default Response Set,11-11-15 19:19,11-12-15 3:55,1,1,1,4,2002,4,1,1,12,2,3,2,5,3,4,4,4,3,12,3,5,2,7,2,1966,1,,1,6,6,7,6,7,6,7,6,6,7,7,7,,,1,,,,,1,,,,,,,,,,13,,,,13,13,,,,,,1,2,7,7,4,3,2,2,6,6,6,4,4,4,7,,1,1,2,6,2,6,7,2,7,1,1,,,,,,,1,,,,1,,,,2,11,???????,1,1,,1
R_1jivWIVviqDGDsf,Default Response Set,11-11-15 19:29,12-12-15 3:55,1,4,1,2,2001,4,1,4,12,12,12,12,6,4,12,12,4,6,12,6,6,3,8,2,1969,1,,1,7,6,7,7,7,6,7,7,6,7,7,7,,,,,,,,,,,1,,,,,,,13,,,,,,13,,,,,1,6,7,6,7,6,6,6,7,7,6,7,6,6,7,,1,1,1,7,4,7,4,7,7,1,,,,1,,,,1,,,,,1,,,1,7,,1,1,,2
R_VJVkhUIvKDZCIN3,Default Response Set,11-11-15 19:34,13-12-15 3:55,1,2,1,2,2009,3,2,1,12,12,2,12,5,5,12,1,4,5,12,6,6,1,10,2,1988,3,,1,7,7,5,6,6,6,6,6,6,7,7,7,,,,,1,,,,,,,,,,,13,,,13,,,,,,,,,,1,3,4,7,5,5,5,5,5,5,5,3,6,7,,,6,1,2,3,3,2,3,5,7,5,,1,,,,,1,,,,1,,,,,5,3,,1,1,,3
R_1H1A1xr0kwy0hUS,Default Response Set,11-11-15 19:40,14-12-15 3:55,1,1,1,2,2015,1,2,4,1,1,2,2,2,5,12,1,12,6,1,3,5,1,10,2,1992,1,,1,4,4,6,6,7,3,6,5,4,7,7,7,,,,,,,,,,,1,,,,,13,,,,,,,,,,,,,1,5,5,6,,4,2,2,7,3,5,6,6,7,,,4,2,2,4,3,5,5,7,6,5,,1,,,,,,1,,,1,,,,,1,1,,1,1,,3
R_1JIrl8Ok5oUop28,Default Response Set,11-11-15 19:52,15-12-15 3:55,1,3,1,4,2004,4,2,4,2,2,2,3,5,5,2,12,4,5,3,5,5,1,10,2,1981,1,,1,5,5,6,4,6,5,6,6,6,6,6,7,,,,,1,,,,,,,,,1,,,,,13,,,,,,,,13,,1,4,4,6,4,2,4,2,6,3,6,4,4,4,7,,4,4,4,4,4,4,6,5,6,5,1,,,,,,,1,,,1,,,,,1,1,,1,1,,3
R_3nAB4vAi79T60lI,Default Response Set,11-11-15 20:03,16-12-15 3:55,1,4,1,3,2011,3,1,4,4,4,4,4,3,3,5,5,1,12,3,5,5,5,7,2,1988,3,,1,6,4,6,4,6,1,4,2,1,4,3,,,1,,,,,,1,,,1,,,,,,,,,,,13,,,,,,,1,4,4,5,3,1,1,2,6,2,7,2,2,1,,,1,1,7,7,2,7,7,7,7,1,1,,,,,,1,,,,,1,,,,1,4,,1,2,,1
R_BKgYfSrr4wpamhr,Default Response Set,11-11-15 20:03,17-12-15 3:55,1,1,1,4,2002,4,2,4,12,12,2,12,6,6,3,2,4,3,12,6,5,1,10,2,1976,3,,2,7,6,7,7,7,7,7,7,7,7,7,7,,1,,,,,,,,,,,,,,,,,,,,,,,,,,,1,6,7,7,5,4,5,5,5,7,7,6,7,7,7,,2,1,2,4,3,7,7,7,7,2,,1,,,,,,1,,,,,1,,,5,,,3,1,,1
R_2pXg56hjLEXEBPF,Default Response Set,11-11-15 20:02,18-12-15 3:55,1,1,1,2,2012,3,2,4,3,3,3,3,4,4,3,3,3,4,3,5,5,9,4,2,1987,1,,1,6,6,6,6,6,6,6,5,2,6,7,,,,,1,,,,,,,1,,,,,,,,13,13,,13,,13,,13,,,1,2,2,5,3,5,,3,6,5,6,4,3,2,,,2,1,2,2,2,6,6,3,5,2,1,1,,1,???? ??..,,1,,,,,,1,,,1,1,,3,1,,3
R_3psC9dGsxWmGDmy,Default Response Set,11-11-15 20:06,19-12-15 3:55,1,2,1,1,67,4,2,4,1,2,1,12,3,3,1,1,1,6,12,6,2,10,0,2,48,7,???????,1,7,7,7,7,7,6,7,6,3,7,1,,,1,,,,,,,,,,,,,,13,,13,13,13,,13,13,,,,,,1,7,7,7,7,7,7,7,7,7,7,7,7,7,,,1,1,1,7,1,7,7,7,7,7,,1,,,,,,1,,,,,1,,,1,1,,1,1,,2
R_3ENnafi410Guyob,Default Response Set,11-11-15 20:16,20-12-15 3:55,1,4,1,2,1990,4,2,2,1,1,1,1,12,6,12,1,3,6,12,6,6,0,10,2,1965,1,,1,7,7,7,7,6,7,7,7,6,7,7,,,1,,,,,,,,,1,,,,,13,,,,,,,,,,,,,1,1,7,2,6,6,6,6,7,6,7,6,6,7,,,1,1,6,7,1,5,7,7,7,4,,1,,,,,,1,,,,1,,,,1,4,,1,1,,1
R_2ivT6Pf5yMWSv7P,Default Response Set,11-11-15 20:24,21-12-15 3:55,1,3,1,3,2004,4,1,1,2,3,5,5,3,4,3,4,4,5,3,6,3,3,5,2,1976,1,,1,4,2,4,4,7,4,5,6,2,7,7,7,,,1,,,1,,,,,,,,,,,,,,,,,,,,13,,,1,2,3,4,2,4,2,1,7,1,1,2,2,1,,,7,1,7,4,1,3,7,3,6,1,1,,,,,,,1,,,1,,,,,1,2,,1,1,,1
R_1f28LEVAwH209He,Default Response Set,11-11-15 20:25,22-12-15 3:55,1,2,1,3,2002,4,1,4,4,4,4,4,6,5,5,5,6,1,4,1,5,5,7,2,1977,1,,1,6,2,7,6,1,3,2,3,1,7,7,7,,1,,,,,,,,,1,,,,,,,,,,,13,,,,,,,1,5,7,5,5,4,4,6,7,5,5,6,3,5,5,,4,1,7,4,1,1,6,5,7,1,1,,,,,,,1,,,,1,,,,1,8,,1,1,,2
R_2TA8kLdbye5CdSD,Default Response Set,11-11-15 20:28,23-12-15 3:55,1,2,1,4,2005,4,1,4,12,12,12,1,6,6,12,1,2,5,12,6,6,0,10,2,1971,1,,1,7,6,7,7,7,7,7,7,7,7,7,,,1,,,,,,,,,,,,,,13,,,,,,,,,,,,,1,7,7,7,7,7,7,7,7,7,7,7,7,7,,,1,1,1,1,1,1,1,1,1,1,,1,,,,,,1,,,,,1,,,1,11,??????????,3,1,,4
R_3NRtdrePEySYP8O,Default Response Set,11-11-15 20:27,24-12-15 3:55,1,4,1,3,2005,3,1,1,1,1,1,1,5,5,12,12,3,6,1,5,5,1,9,2,1981,1,,1,6,5,7,7,7,7,7,7,5,7,7,,,,,,,,,,,,1,,,,,,,,,,,13,,,,,,,1,4,7,7,7,7,7,7,7,1,7,1,1,1,,,1,1,7,7,1,1,1,7,7,1,1,,,,,,1,,,,,1,,1,?????? ????? ??????? ??? ???????,2,11,????????. ??? ????,2,1,,1
R_Q6vO0L607W06wet,Default Response Set,11-11-15 20:29,25-12-15 3:55,1,3,1,4,2005,4,1,1,3,3,5,2,6,5,2,3,3,6,4,6,5,0,10,2,1978,1,,2,6,7,7,6,7,,7,7,4,7,6,,,,,,,,,,,,1,,,,,,,,13,,,,,,,,,,1,6,7,7,7,7,7,2,7,6,7,7,7,6,,,1,2,6,7,2,7,7,7,7,1,,,,1,?????? ????? ????,,,,1,???? ?? ?????? ????????,,,,,,1,7,,1,2,,1
R_1op5VkJdz0tJMas,Default Response Set,11-11-15 20:33,26-12-15 3:55,1,4,1,3,2004,4,1,1,1,1,2,12,5,5,2,1,2,5,2,6,6,0,8,2,1978,1,,1,6,7,7,4,6,7,7,7,2,2,7,,,,,,1,1,,,,,,,,,,,13,,13,,,,,13,,,,,1,2,5,3,5,5,5,7,6,5,2,1,1,1,,,6,2,1,3,1,5,4,6,7,6,,1,,,,,,1,,,1,,,,,3,11,?????,1,1,,1
R_3L4ncelhQ27Sn3X,Default Response Set,11-11-15 20:37,27-12-15 3:55,1,4,1,3,2015,1,1,4,1,1,1,1,6,3,12,1,1,6,1,6,6,0,9,2,1988,1,,1,7,7,7,7,7,7,7,7,5,7,7,7,,1,,,,,,,,,,,,,,,,,,,,,,,,,,?? ??? ???? ???,1,7,7,7,6,7,7,6,5,7,7,7,7,7,,,4,1,3,7,4,4,7,7,7,4,,1,,,,,,1,,,1,,,,,1,2,,1,1,,2
R_1OAHL8N9RAeShI8,Default Response Set,11-11-15 20:36,28-12-15 3:55,1,1,1,4,1995,4,1,1,3,12,2,2,5,3,3,3,2,3,2,6,4,4,0,2,1970,1,,1,6,5,5,6,7,7,6,7,4,7,7,7,,1,,,,,,,,,1,,,,,,,,13,,,13,13,13,,,,,1,7,7,7,7,7,7,4,7,7,7,7,7,7,7,,1,2,1,1,1,7,1,1,7,1,,1,,,,,,1,,,,,1,,,1,7,,3,1,,3
R_2rjrAMGIgHu5Ky7,Default Response Set,11-11-15 20:30,29-12-15 3:55,1,1,1,3,1980,4,1,2,12,1,12,12,6,6,12,12,4,6,12,6,5,1,9,2,1957,1,,2,7,7,7,7,7,7,7,7,6,7,7,7,???,1,,,,,,,,,,,,,,,,,,,,,,,,,,,1,5,7,7,7,6,7,4,7,7,7,7,7,6,,???,1,2,6,7,1,7,7,5,7,1,1,,,1,??????,,,1,,,,,1,1,?????? ?? ???? ????? ?????,1,10,,1,2,,2
R_2PgT97IVPvNmJMu,Default Response Set,11-11-15 20:36,30-12-15 3:55,1,2,1,3,1987,2,2,4,12,12,12,1,6,6,12,2,5,6,12,6,6,7,8,2,1963,1,,1,6,6,7,7,7,7,6,7,7,7,7,,,1,,,,,,,,,,,,,,,,,,,,,,,,,,,1,5,7,5,5,5,2,2,7,7,5,7,6,7,,,6,1,1,2,2,7,4,7,7,2,,1,,,,,,1,,,,,,1,,5,11,??????????,1,1,,1
R_3MSQpFVpoel3NQV,Default Response Set,11-11-15 20:46,31-12-15 3:55,1,1,1,4,93,4,1,1,1,1,12,1,6,5,3,1,3,5,12,5,4,2,10,2,69,1,,1,6,6,7,4,7,4,5,7,5,7,7,7,,,,,,,,,,,,1,,,,,,,13,,,,,,,,,,1,4,5,6,5,5,5,3,6,4,5,7,7,7,,,4,3,1,3,2,2,2,6,5,4,1,,,,,,1,,,,1,,,,,4,,,1,1,,1
R_1Q43Ux9SkdarYsx,Default Response Set,11-11-15 20:51,01-01-16 3:55,1,3,1,3,2013,3,2,2,2,3,3,3,6,3,3,3,6,6,3,6,6,3,8,2,1988,1,,1,4,4,4,4,4,4,4,6,4,7,6,,,,,,,,,,,,,,1,,,,,,,,,13,13,13,,,,,1,7,7,7,7,2,7,4,6,7,7,7,7,7,,,1,1,1,7,1,7,7,1,7,1,,1,,,,,,1,,,,,1,,,5,10,,3,1,,1
R_1F8O7Zrg8w9mdwJ,Default Response Set,11-11-15 21:03,02-01-16 3:55,1,1,1,3,2014,1,2,1,12,12,12,12,5,5,2,1,5,5,1,6,3,0,10,2,1989,1,,1,7,6,7,6,6,5,6,4,3,7,6,,,,,1,,,,,,,,,,,,,,,13,,,,,,,,,,1,5,5,5,3,4,2,3,6,6,7,7,7,7,,,2,5,2,3,4,7,5,7,4,4,,1,,,,,,1,,,1,,,,,1,11,????? ???? ?????,1,1,,3
R_2BtXyeSOGKwHEEn,Default Response Set,11-11-15 21:06,03-01-16 3:55,1,4,1,3,2014,4,1,4,1,3,3,2,12,3,4,4,1,1,4,12,2,8,6,1,1988,1,,2,4,2,3,5,3,1,1,2,1,4,7,3,,,,,,,,1,,,1,,,,,,13,13,,,,,,,13,,,,1,4,7,7,7,7,5,7,3,3,6,1,1,1,1,,4,1,1,7,5,1,1,6,1,7,1,,,,,1,,,,,1,,,,,4,5,,1,2,,2
R_3PGjUEUxvkrWrNU,Default Response Set,11-11-15 21:02,04-01-16 3:55,1,2,1,3,2007,3,1,1,12,12,2,12,5,5,12,12,5,5,12,5,5,2,8,2,1972,1,,1,6,6,7,6,7,6,7,6,3,6,7,,,,,,,1,,,,,,,,,,,,,,13,,13,,,,,,,1,2,6,6,6,2,,6,6,4,6,2,2,2,,,2,2,2,3,2,2,6,6,6,2,,1,,,,,,1,,,,,1,,,2,11,??????,3,1,,1
R_31jAW6x0EhUYNiU,Default Response Set,11-11-15 21:06,11-11-15 21:16,1,2,1,4,1993,4,1,1,1,1,2,2,6,5,3,2,5,6,12,6,6,3,8,2,1972,1,,1,7,3,7,1,6,6,6,4,3,7,7,7,,,,,,,,,1,,1,,,,,13,,,13,,,,,,,,,,1,1,6,3,2,2,2,5,7,5,5,3,1,2,,,4,1,7,5,1,2,7,7,7,4,,1,,,,,,1,,,,1,,,,5,,,1,1,,2
R_1es2gp7vdgFQmn4,Default Response Set,11-11-15 21:14,11-11-15 21:23,1,3,1,3,1978,4,2,4,1,1,12,1,6,5,12,1,12,6,1,6,5,10,0,2,1957,1,,1,4,6,7,6,7,6,7,6,5,7,7,7,,,,1,,,,,1,,,,,,,,,,,,,,,13,,,,,1,2,4,3,6,6,2,2,7,5,7,4,3,7,7,,2,5,1,1,2,7,7,7,7,4,,1,,,,,,1,,,,,1,,,1,1,,1,1,,1
R_2zpssrvEtNDp3Sx,Default Response Set,11-11-15 21:09,11-11-15 21:48,1,4,1,3,2012,2,1,4,12,2,3,4,1,1,2,12,12,3,1,2,6,7,8,2,1989,1,,2,1,2,7,3,2,7,3,4,1,3,2,1,?????? ?????,,1,1,,,,,,,1,,1,,,,13,,,13,,,,,,13,,,1,1,1,1,1,1,1,1,3,1,1,2,1,1,,,7,1,1,5,1,7,7,1,2,2,,1,,,,,1,,,,,1,1,,,3,4,,3,2,,2
R_2xRvVq1B1uNvUHa,Default Response Set,11-11-15 21:36,11-11-15 21:51,1,3,1,2,2014,1,2,4,2,2,2,2,2,12,4,2,12,4,12,4,3,3,9,2,1984,7,???? ??????,2,5,6,6,6,6,6,6,6,3,7,7,,,,,,,,,,,,1,,,,,,,,,13,,,,,,,,,1,3,6,6,6,6,3,4,7,6,6,5,5,6,,,3,4,3,5,2,1,5,5,4,2,,1,,,,,,1,,,1,,,,,1,1,,1,1,,1
R_27EhrJiTKXHE4Pr,Default Response Set,11-11-15 21:47,11-11-15 21:56,1,1,1,3,1996,4,2,4,2,2,2,2,6,6,3,12,2,5,12,6,6,1,1,2,1958,3,,1,6,6,6,5,6,6,6,6,6,7,7,,,1,,,,,,,,,,,,,,,,13,,,,,,,,,,,1,3,6,6,5,7,7,7,6,7,7,7,4,6,,,7,2,2,7,2,6,7,7,7,2,1,,,,,,,1,,,,1,,,,1,1,,1,1,,1
R_3LdUqk8oSyY0Bwg,Default Response Set,11-11-15 21:19,11-11-15 22:16,1,4,1,3,2013,2,1,1,2,2,3,3,6,4,2,2,3,6,12,5,6,3,9,1,1985,1,,1,6,6,6,6,6,6,6,6,6,7,7,7,,,,,,,,1,,,1,,,,,13,,,,,,,,,,,,,1,5,7,7,6,7,6,7,7,5,4,4,4,6,7,,3,4,6,7,6,7,6,6,7,7,,1,,,,,1,,,,1,,,,,1,8,,1,1,,3
R_12PWeWVtdMhXjpH,Default Response Set,11-11-15 22:23,11-11-15 22:34,1,3,1,2,2000,4,1,4,6,5,5,5,1,1,6,6,1,1,6,1,1,10,0,2,1958,1,,1,1,1,1,1,1,3,1,1,1,1,7,7,,,1,1,1,1,1,,1,1,1,1,,,,13,,,13,,,,,13,,,,,1,1,7,3,1,1,1,1,7,1,7,1,1,7,,,2,1,1,7,2,2,2,7,2,2,,1,,,,,1,,,,,1,,,,2,11,???????,1,1,,2
R_3ReLhvSrHjVtYWX,Default Response Set,11-11-15 22:46,11-11-15 22:58,1,3,1,4,1996,4,1,1,12,1,3,1,6,6,12,12,3,6,12,6,6,1,10,2,1969,1,,1,6,5,6,6,6,6,7,7,6,7,7,7,,1,,1,,,,,,,,,,,,13,,,,,,,,,,,13,?? ??? ????? ???? ?????? ???? ???? ?,1,6,7,6,6,6,5,5,7,5,7,7,7,7,7,,1,1,7,7,1,7,7,7,7,1,,1,,,,,,1,,,1,,,,,3,11,?????,1,1,,1
R_3QS4hSRU9BiKFpf,Default Response Set,11-11-15 23:11,11-11-15 23:18,1,4,1,1,,1,1,4,2,12,2,12,5,5,2,5,3,5,12,6,6,5,8,2,1987,7,??????,2,5,6,7,7,6,7,7,7,5,7,7,,,1,,1,,,,,,,,,1,,,13,,13,,,,,,13,,,,,1,4,5,4,5,4,4,3,4,5,5,4,4,3,,,5,4,4,5,5,5,4,6,4,6,,1,,,,,,1,,,,,1,,,2,11,??????,3,1,,1
R_3qQH3CyikBVrQg7,Default Response Set,11-11-15 23:09,11-11-15 23:24,1,1,1,3,1985,4,1,4,1,2,2,2,6,2,3,3,3,6,2,4,12,4,3,2,1962,1,,1,7,5,7,6,7,4,4,7,6,7,7,7,,,,1,,,1,1,,,1,,,,,,,,,,,13,13,,,,,,1,5,7,6,7,4,7,2,3,7,7,3,3,7,7,,3,1,6,7,1,7,7,7,7,4,,1,,,,,,1,,,1,,,,,1,6,,3,1,,3
R_1f7AJrw0pfMt3kN,Default Response Set,11-11-15 23:17,11-11-15 23:27,1,3,1,4,2000,4,2,4,3,3,2,2,3,3,3,2,2,4,2,6,5,1,8,2,1976,3,,2,6,7,5,6,4,3,5,6,4,7,7,,,1,,1,,,,,,,,,,,,,,13,13,,,,,13,,13,,,1,3,7,7,7,5,7,6,6,6,7,5,2,2,,,3,1,3,6,1,6,7,1,7,1,1,,,,,,1,,,,1,,,,,1,4,,1,1,,1
R_1OP5aQPAjBoVXXk,Default Response Set,11-11-15 23:38,11-11-15 23:46,1,2,1,3,2015,3,1,2,2,12,2,2,6,5,3,2,5,5,2,5,4,1,9,2,1992,1,,1,7,7,7,6,7,5,6,7,5,7,7,,,1,,,,1,,,,,,,,,,,,,13,,,,,,,,,,1,5,4,7,5,4,3,2,7,2,7,7,7,7,,,6,1,4,7,4,2,7,7,7,3,,1,,,,,,1,,,1,,,,,1,11,??????????,1,2,,2
R_1royVPCJ4lIxV2O,Default Response Set,11-11-15 23:47,11-11-15 23:56,1,4,1,2,2014,2,1,4,3,3,4,3,6,6,4,5,3,6,5,4,4,3,8,2,1986,1,,1,3,3,2,3,3,4,3,6,3,6,6,,,1,1,1,1,1,1,1,1,1,1,,,,,13,,13,13,13,,13,,13,13,,,,1,1,1,1,1,1,1,1,6,5,1,1,1,1,,,1,2,4,1,3,2,1,6,4,4,,,,1,????? ????? ????? ??? ?????? ??? ????? ???? ???? ????? ?????? ???? ????? ??? ??? ?????? ?? ??????? ,,,1,,,,,1,,,1,2,,3,1,,1
R_2TtoWuK4ppwUXxy,Default Response Set,12-11-15 0:00,12-11-15 0:03,1,2,1,,,,,,,,,,,,,,,,,,,,,,,,,,,,,,,,,,,,,,,,,,,,,,,,,,,,,,,,,,,,,,,,,,1,,,,,,,,,,,,,,,,,,,,,,,,,,,,,,,,,,,,,,,,,,,,,,,
R_7OIngWkNBg2epz3,Default Response Set,11-11-15 23:57,12-11-15 0:05,1,3,1,4,2012,4,2,4,2,12,2,2,2,2,2,2,2,2,2,4,3,5,5,2,86,3,,1,2,,,,,,,,,,,,,,,,,,,,,,1,,,,,,,,13,,,13,,,,,,,1,4,6,6,6,4,4,4,6,6,7,6,6,4,,,3,4,4,2,4,3,5,5,6,3,1,,,,,,1,,,,1,,,,,1,3,,1,1,,1
R_VIoscEQiLGQSVKV,Default Response Set,12-11-15 0:40,12-11-15 0:47,1,4,1,3,2008,4,2,4,3,3,3,3,3,3,4,3,4,3,3,4,4,2,7,2,1986,3,,1,4,3,5,5,5,3,4,3,5,5,7,7,,,,,,,,,1,,,,,1,,,,13,13,,,13,,,,,13,,1,4,7,7,7,7,6,7,7,6,7,4,4,2,7,,3,3,5,3,3,7,7,3,7,1,,1,,,,,,1,,,1,,,,,1,1,,1,1,,1
R_2b1mBbrlurDOmyZ,Default Response Set,12-11-15 0:47,12-11-15 0:52,1,2,1,3,2011,4,1,4,2,1,12,2,6,6,3,3,3,5,2,5,5,2,1,1,1978,1,,1,6,6,7,7,7,7,7,7,5,7,6,7,,1,,,,,,,,,,,,,,,,,,,,,,,,,,,1,4,7,6,7,7,2,7,7,6,7,7,3,3,7,,2,1,3,5,4,7,6,4,7,1,1,,,,,1,,,,,1,,,,,1,10,,1,1,,1
R_9ufFkK3r2Ie0gb7,Default Response Set,12-11-15 6:07,12-11-15 6:12,1,3,1,4,2013,3,2,4,1,1,1,1,1,1,1,1,6,6,1,6,1,0,10,2,1983,1,,1,7,7,7,7,7,6,5,7,1,7,7,,,,,,,,,,1,,,,,,,13,,,,,,,,,,,,,1,5,5,5,6,7,7,2,5,5,7,5,5,7,,,1,1,7,6,1,7,7,5,7,1,1,,,,,,,1,,,1,,,,,1,4,,1,1,,1
R_cutMw9Czh6QZuuZ,Default Response Set,12-11-15 6:06,12-11-15 6:17,1,4,1,2,1979,4,2,3,4,4,4,5,2,12,5,5,12,12,4,12,12,7,3,2,1954,1,,1,2,3,3,3,6,6,3,6,1,4,7,7,,,,,1,,,,,,,,,,,,,13,13,,,,,,,,,,1,3,6,2,3,3,7,2,7,7,4,1,1,1,7,,4,1,2,3,3,7,7,4,7,2,1,1,1,1,?? ??? ???? ????,,,1,1,???? ???? ?? ?? ?????? ???? ???,1,1,,,,1,2,,1,1,,1
R_2chdDcAclKuwpK0,Default Response Set,12-11-15 7:23,12-11-15 7:34,1,3,1,3,2007,3,1,2,3,3,3,3,5,3,5,2,5,5,2,5,5,3,8,2,1980,1,,1,4,4,6,4,6,5,5,4,3,5,6,,,,,,,,,,,,1,,,,,,,,13,,13,,,,,,,,1,3,7,4,6,6,5,7,7,3,4,4,5,5,,,3,1,1,6,5,6,7,6,7,3,,1,,,,,1,,,,,1,,,,1,10,,1,1,,3
R_3niz2rLxpGZoOPd,Default Response Set,12-11-15 7:30,12-11-15 7:37,1,3,1,4,2000,4,1,4,2,3,4,3,3,2,4,4,4,4,4,2,2,5,7,2,1976,3,,2,6,5,5,6,5,3,5,5,2,7,6,7,,,,,1,1,,,,,1,,,,,,13,,,,,,,,,,,,1,1,2,2,2,3,6,4,7,6,6,1,1,1,,,4,1,7,2,2,1,1,4,3,7,1,,,,,,1,,,,,1,,,,1,1,,1,1,,2
R_pimaMqwVy6zb5K1,Default Response Set,12-11-15 8:16,12-11-15 8:22,1,4,1,3,2012,1,1,1,12,2,3,3,3,2,3,12,4,5,12,5,5,2,8,2,1985,1,,1,5,5,6,7,7,1,6,7,5,7,7,7,,,1,,1,,,,,,,,,,,13,,,13,,,,,,,,,,1,6,7,7,6,7,2,7,6,6,7,7,7,7,,,5,7,7,7,1,7,7,7,7,1,1,1,,,,1,,,,,1,,,,,1,6,,1,1,,1
R_1Q5i7hdBteVcObS,Default Response Set,12-11-15 8:37,12-11-15 8:51,1,3,1,2,2002,4,2,1,1,1,12,1,6,4,1,1,4,6,1,6,6,2,8,2,68,1,,1,7,6,7,6,6,6,7,7,6,7,7,7,,1,,,,,,,,,,,,,,,,,,,,,,,,,,,1,5,6,6,6,5,5,4,6,4,6,6,6,7,,,2,1,1,3,1,4,4,4,4,2,1,,,,,,,1,,,,1,,,,5,11,???? ???,1,1,,1
R_2BfCv0ZndhMeOJH,Default Response Set,12-11-15 9:01,12-11-15 9:10,1,2,1,3,2015,4,1,4,1,1,12,1,6,6,12,12,3,6,12,6,6,0,9,2,1981,3,,2,4,4,7,5,7,7,5,7,4,7,7,7,,1,1,,,,,,,,1,,,,,13,,13,,,,,,,,,13,,1,5,5,7,7,5,7,5,7,7,7,7,7,7,7,,2,4,4,7,3,7,7,7,7,1,,,,1,,,,1,,,1,,,,,5,11,,2,1,,2
R_2ar6Wg4EwxEnlMi,Default Response Set,12-11-15 9:56,12-11-15 10:08,1,3,1,4,2005,4,1,1,12,12,2,1,6,4,2,2,2,5,3,5,5,3,7,2,1980,3,,2,6,6,7,6,6,6,7,6,6,7,6,7,,1,,,,,,,,,1,,,,,,,,13,,,,,,,,,,1,4,7,7,7,7,4,5,7,5,7,5,5,7,7,,2,1,1,1,2,7,7,5,7,2,1,,,,,1,,1,,,1,,,,,1,2,,1,1,,1
R_3h5YQTBZG0cvi6X,Default Response Set,12-11-15 10:21,12-11-15 10:31,1,2,1,3,2011,3,2,4,12,12,12,12,6,6,1,1,3,5,1,5,6,0,10,2,1987,1,,1,5,7,7,7,7,7,7,7,5,7,7,,,1,,,,,,,,,,,,,,,,,,,,,,,,,13,?? ???.,1,5,6,7,3,2,7,3,7,7,7,7,7,7,1,???? ?????? ?? ???? ??????.,2,2,2,7,4,7,7,7,7,2,,,,1,????? ???? ?? ???. ?????? ????.,,,1,,,,,,1,,1,3,,2,1,,3
R_2frFq65kHavwqaf,Default Response Set,12-11-15 10:34,12-11-15 10:40,1,1,1,3,2015,1,1,2,2,5,4,3,5,3,4,2,3,2,5,6,12,5,4,2,1982,1,,1,6,2,4,2,2,1,3,1,1,5,7,,,,,1,1,,1,1,,,1,,,,,,,,13,13,,,,,,,,,1,4,7,4,7,7,7,2,7,3,1,1,2,1,,,7,3,1,4,1,1,1,7,4,7,,,1,1,???? ?? ?????,,,,1,???? ??????? ?????,,1,,,,1,10,,1,1,,2
R_popJ88RqMPnX9ZL,Default Response Set,12-11-15 11:48,12-11-15 11:57,1,2,1,3,2013,2,1,4,2,3,3,2,4,4,2,2,6,5,3,5,3,2,8,2,1986,1,,1,2,2,6,3,3,3,5,6,2,7,7,,,,,,,,,,1,,,,,,,,,,13,,,,,,,,,,1,4,3,5,5,3,6,6,7,5,6,6,4,4,,,4,2,1,7,5,7,7,7,6,4,1,,,,,,1,,,,1,,,,,1,4,,1,1,,1
R_3L20rPpQ48XtRHA,Default Response Set,12-11-15 12:13,12-11-15 12:24,1,4,1,2,2007,3,1,3,2,2,2,2,5,3,2,12,3,5,12,5,5,1,8,1,1978,3,,2,7,7,7,7,7,6,7,6,7,7,7,7,,1,,,,,,,,,,,,,,,,,,,,,,,,,,,1,4,6,6,5,7,5,6,5,5,6,6,6,7,,,2,4,6,2,5,7,6,7,7,3,1,,,,,,,1,,,,,1,,,1,4,,2,1,,1
R_2AX8p6cRNGGG3hf,Default Response Set,12-11-15 14:12,12-11-15 14:22,1,3,1,3,1998,4,1,1,12,12,2,12,5,4,12,12,3,6,12,6,6,0,9,2,1974,3,,1,7,7,7,7,7,7,7,6,7,7,7,,,1,,,,,,,,,,,,,,,,,,,,,,,,,,,1,5,7,7,7,7,7,7,7,5,4,4,4,7,,,2,1,2,4,1,7,7,2,6,2,,1,,,,,,1,,,,1,,,,5,11,??? ????,2,1,,1
R_pbLOvutvNI8qtJ7,Default Response Set,12-11-15 16:19,12-11-15 16:25,1,4,1,3,2013,3,2,2,2,2,2,2,3,3,3,4,12,3,2,3,2,2,8,2,1988,3,,1,4,2,5,5,6,2,5,6,4,7,7,7,,,,,,,,1,,,,,,,,,,,,,,13,,,,,,,1,5,7,7,3,3,3,6,7,7,7,4,3,5,7,,4,3,4,5,4,6,6,3,7,2,1,,,,,,1,,,,,1,,,,1,7,,1,1,,1
R_2rOvR2bb8ELg8jB,Default Response Set,12-11-15 18:15,12-11-15 18:21,1,2,1,4,2002,4,2,1,2,2,2,2,2,2,2,2,1,2,2,5,5,1,9,2,1977,3,,1,3,6,7,7,7,6,6,6,1,7,7,,,,,,,,,,,,1,,,,,,,,,13,,,,,,,,,1,6,6,6,6,3,6,7,7,7,7,6,6,7,7,,6,2,7,7,6,7,7,5,6,6,,,1,,,,1,,,,,1,,,,1,4,,1,1,,1
R_1pRoYOk0uSgYXIO,Default Response Set,12-11-15 20:51,12-11-15 20:58,1,2,1,3,1978,2,1,1,,,,,,,,,,,,,,,,,,,,,,,,,,,,,,,,,,,,,,,,,,,,,,,,,,,,,,,,,,,,,1,,,,,,,,,,,,,,,,,,,,,,,,,,,,,,,,,,,,,,,,,,,,,,,
R_279ZGiY4vkA6Irb,Default Response Set,12-11-15 23:20,12-11-15 23:27,1,3,1,3,209,4,1,4,3,3,3,3,3,4,5,3,2,2,2,4,2,7,6,2,1982,3,,1,4,4,5,5,3,1,3,2,2,6,7,,,,1,1,,,1,1,1,1,1,,,,,,13,13,13,13,,,,,,,,,1,5,6,7,5,4,7,3,5,7,7,5,3,1,,,7,3,3,1,4,2,5,5,3,5,1,,,,,,1,,,,1,,,,,1,4,,1,1,,1
R_Z9lWOgSSykvAltD,Default Response Set,13-11-15 2:40,13-11-15 2:51,1,1,1,1,2003,4,1,4,1,12,12,12,6,5,1,1,5,6,1,6,6,0,10,2,1983,3,,1,7,7,7,7,7,7,7,7,6,7,7,,,,,,,,,,,,,,1,,,,13,,,13,,13,,,,,,???????,1,6,7,7,7,7,6,6,7,6,7,4,4,7,,,1,4,7,1,2,7,7,7,7,1,,1,,,,,,1,,,,,1,,,2,11,??? ????,3,5,,1
R_20MBY7XgpLXEJNY,Default Response Set,13-11-15 5:19,13-11-15 5:27,1,4,1,1,1992,4,1,4,12,12,12,12,5,6,2,12,5,6,12,3,6,6,7,2,?????,1,,1,4,5,7,7,4,7,7,7,5,7,7,,,1,,1,,,1,,,,1,,,,,,,13,13,13,,13,13,,,,,,1,5,3,5,5,5,5,2,7,7,6,4,3,5,7,,4,2,5,2,2,4,4,5,7,3,,,,1,,,,,1,,,,,1,,1,11,,1,1,,1
R_2QDGmkpcMhHhktP,Default Response Set,13-11-15 10:53,13-11-15 11:05,1,1,1,4,1997,4,1,4,12,3,3,12,4,4,4,2,2,2,2,2,4,6,7,1,1975,3,,1,2,2,4,2,2,3,2,3,2,6,7,7,,,,,,,,,,,1,,,,,,,,13,,,,,,,,,,1,3,7,7,5,5,7,3,7,7,5,3,3,6,7,,2,2,2,6,2,7,7,6,7,2,,,,1,?? ???,,,,1,?? ????,,,1,,,1,4,,1,1,,1
R_1Y11mso7JNlSDyV,Default Response Set,13-11-15 15:39,13-11-15 15:50,1,3,1,3,1977,4,1,1,6,5,5,3,1,12,2,12,1,3,,12,3,2,2,2,1956,1,,1,6,6,6,6,2,2,2,6,2,7,7,7,,1,1,1,1,1,1,1,1,1,1,1,1,1,,13,,13,,13,13,,13,13,,,,,1,7,7,7,7,7,6,6,,7,6,6,6,6,7,,1,1,1,7,1,7,7,7,7,1,1,1,,,,,,1,,,,1,,,,1,11,,1,1,,2
R_1loxXscm8Z9nJ6g,Default Response Set,13-11-15 17:19,13-11-15 17:32,1,2,1,3,1996,4,1,4,3,4,3,3,12,3,4,4,5,3,3,5,3,2,7,1,1974,3,,1,7,7,7,5,7,5,7,7,2,7,7,7,,1,1,,,,,1,,,,,,,,13,,,,,,,,,,,,,1,1,5,4,2,1,7,6,7,1,5,1,1,2,7,,4,2,7,7,4,4,4,3,7,4,1,,,,,,,,1,?????? ???? ????? ?????? ??,1,,,,,1,1,,1,1,,1
R_3JDczegglrUIHvx,Default Response Set,13-11-15 23:15,13-11-15 23:24,1,1,1,4,1986,4,1,1,2,2,4,12,5,12,12,12,12,4,12,5,4,6,3,2,1964,7,????,1,3,2,5,2,6,2,2,2,2,6,7,,,,,1,,1,,1,1,,1,,,,,,,,,,13,13,13,,,,,,1,2,5,2,6,1,2,2,5,2,6,5,2,1,,,,,,,,,,,,,1,,,,,1,,,,,,1,,,,5,3,,1,1,,2
R_2TMZ6Q08EkBlsqp,Default Response Set,14-11-15 1:04,14-11-15 1:20,1,4,1,2,2014,2,2,4,2,2,3,2,12,2,2,2,12,2,2,3,12,5,8,2,1993,1,,1,2,2,2,1,3,2,3,2,1,2,5,,,,1,1,1,1,,1,,,,1,,,,,,13,13,13,,,,,,,,,1,1,3,1,3,1,1,2,5,1,4,5,3,3,,,2,3,3,5,6,6,6,5,4,3,,1,,,,1,1,1,,,1,,1,,,1,8,,1,2,,2
R_1dAid1Is2S9XugR,Default Response Set,14-11-15 10:07,14-11-15 10:16,1,1,1,4,2010,1,1,4,3,3,3,3,5,4,3,3,2,2,3,4,5,2,8,2,1983,1,,1,3,3,3,3,3,5,3,3,2,3,3,,,,,,,,1,,,,,,,,,,13,,,,,,,,,,,,1,3,3,3,3,5,5,5,5,5,6,6,6,3,,,4,5,3,3,5,3,3,6,6,4,1,,,,,,,,1,,,1,,,,1,10,,1,1,,1
R_30bKo07H6GWZ7Hn,Default Response Set,14-11-15 12:32,14-11-15 12:41,1,3,1,4,2007,4,1,1,2,2,2,2,6,6,12,12,5,6,2,6,6,3,5,2,1983,1,,2,5,7,6,7,7,7,6,7,4,7,7,,,1,,,,,,,,,,,,,,,,,,,,,,,,,,,1,4,,4,,4,,3,,,,,,,,,7,2,2,2,2,6,3,7,7,2,,1,,,,,,1,,,1,,,,,3,11,?????????,1,2,,3
R_2ZBRkeXsxRius53,Default Response Set,14-11-15 17:49,14-11-15 17:58,1,4,1,4,2005,1,1,4,12,12,2,2,2,5,2,2,6,6,12,5,5,1,8,1,1981,3,,2,7,2,7,6,7,7,7,6,7,7,7,,,,,,,,,,1,,,,,,,,13,,13,13,,,,,,13,,,1,3,3,5,4,4,6,5,6,4,3,4,4,1,,,3,2,6,2,5,2,3,6,3,3,1,,,,,,1,,,,1,,,,,1,1,,1,1,,1
R_RPIRsu5qoWjVd3X,Default Response Set,14-11-15 20:11,14-11-15 20:21,1,2,1,3,2012,3,1,4,1,1,12,1,5,6,12,12,4,6,12,6,6,0,8,2,1973,1,,1,2,2,7,6,7,7,6,7,2,7,7,7,,,1,,,,,,1,,1,,,,,,,,13,,,,13,,,,,,1,1,7,7,7,4,7,7,7,7,7,4,4,7,7,,1,1,1,4,2,7,7,7,7,1,,1,,,,,,1,,,1,,,,,1,3,,1,1,,1
R_1Q3l1sfoSK9soVJ,Default Response Set,14-11-15 20:32,14-11-15 21:07,1,1,1,2,2013,3,2,4,2,2,2,12,5,5,1,1,3,6,12,6,6,1,9,2,1989,1,,1,6,5,6,5,6,7,6,7,6,7,7,7,,1,1,1,1,1,,,1,,1,,,,,13,,13,13,,,,,,,,,,1,5,6,6,5,5,5,5,7,7,6,5,6,6,,,2,3,2,6,4,7,6,6,6,1,,1,,,,,,1,,,,1,,,,1,3,,1,1,,3
R_3rJwEGVz7yYGrum,Default Response Set,14-11-15 21:41,14-11-15 21:47,1,3,1,3,2014,2,1,4,2,2,3,12,4,3,3,2,3,5,2,4,3,2,8,2,1986,3,,1,5,4,4,4,3,3,6,4,4,7,4,,,1,1,1,1,,1,1,,,,1,,,,,,,,13,,,,,,,,,1,3,7,7,7,6,5,3,7,3,7,5,3,6,,,2,1,5,3,2,7,7,3,7,4,1,,,,,,1,,,,1,,,,,1,10,,1,1,,1
R_XjGGbhqeEYaFMrL,Default Response Set,14-11-15 21:44,14-11-15 21:51,1,1,1,3,2003,4,1,1,3,2,3,3,3,2,3,3,2,2,4,3,3,2,10,2,1974,3,,1,6,2,4,3,6,6,4,5,7,7,7,7,,,,,1,,,,,,,,,,,13,,,,13,,,,,,13,,,1,1,7,3,3,4,3,3,7,7,3,1,1,1,7,,1,1,2,1,2,7,7,4,7,1,,1,,,,,1,,,,,1,,,,5,3,,1,1,,1
R_yqZGqDxQzfpLmVP,Default Response Set,14-11-15 21:48,14-11-15 21:53,1,2,1,3,2006,4,2,4,4,4,5,4,12,3,12,5,12,12,4,4,12,8,2,2,1981,1,,1,3,3,2,2,2,1,1,3,1,6,7,,,,,,,,,,1,,,,,,,,,13,,,,13,,,,,,,1,5,6,6,6,6,6,5,5,5,5,3,3,3,7,,4,2,2,4,3,7,7,4,7,1,1,,,,,,1,,,,,1,,,,1,4,,1,1,,1
R_2Toekf9GoTVQEOo,Default Response Set,14-11-15 21:51,14-11-15 21:57,1,4,1,4,2012,3,1,1,3,3,3,2,3,3,3,3,2,4,3,3,3,5,7,1,1989,1,,1,5,4,3,4,5,4,5,3,1,4,7,7,,,,,1,1,,,,,1,,,,,,,13,,,,13,13,,,,,,1,4,4,6,2,1,1,1,7,1,2,4,2,6,7,,4,5,2,6,5,5,4,6,5,4,,,1,,,,,1,,,,,1,,,1,2,,1,2,,2
R_1LLFpof9ITdha9q,Default Response Set,14-11-15 21:50,14-11-15 21:57,1,4,1,3,1991,4,1,1,12,12,12,12,6,6,12,12,6,6,12,6,6,0,9,2,1965,1,,1,7,7,7,7,7,7,7,7,7,7,7,7,,1,1,1,1,,,,,,,,,,,,,,,,,,,,,,,,1,6,6,6,4,2,7,2,6,6,7,5,5,7,,,2,1,4,1,1,1,3,7,7,2,,1,,,,,,1,,,1,1,,,,5,7,,1,1,,1
R_6ofViJlIR3lPCxz,Default Response Set,14-11-15 21:51,14-11-15 22:00,1,2,1,4,2008,4,1,1,1,1,1,1,6,6,1,1,3,6,1,6,6,0,10,2,1983,2,,1,7,5,7,7,7,7,7,7,6,7,7,7,?????,1,,,,,,,,,1,,,,,,,,,,,13,13,,,,,,1,6,7,7,4,7,5,6,7,7,7,7,7,7,,,4,4,4,3,2,5,3,7,7,2,,,,1,??? ??????,,,1,,,1,,,,,5,11,???? ???,1,1,,1
R_RK4V6JtvQsRh4Hf,Default Response Set,14-11-15 22:00,14-11-15 22:09,1,1,1,4,2005,4,2,1,12,3,12,12,5,5,3,12,12,6,12,6,6,1,8,2,1980,6,,1,7,7,7,7,7,7,7,7,7,7,7,7,,1,,,,1,,,,,,,,,,,,,13,13,,13,,,,,,,1,6,7,7,6,6,7,2,7,7,7,5,7,7,7,,2,2,1,7,2,6,7,7,7,2,,1,,,,,,1,,,,,1,,,2,11,????????,2,1,,1
R_2PB7kZjZX6xugw2,Default Response Set,14-11-15 22:02,14-11-15 22:12,1,3,1,2,2015,1,1,4,2,2,2,2,6,4,2,2,3,4,2,5,3,1,9,2,1992,1,,2,7,7,7,7,7,7,7,7,6,7,7,,,1,,,,,,,,,,,,,,,,,,,,,,,,,,,1,5,7,6,7,6,7,4,6,7,7,6,6,7,,,4,3,7,7,2,7,6,5,6,2,,1,,,,,,1,,,1,,,,,1,11,?????,1,2,,
R_9tVV8SeDMdpcwYV,Default Response Set,14-11-15 22:09,14-11-15 22:15,1,4,1,3,2006,4,2,1,1,1,1,1,5,5,2,12,3,5,12,5,5,1,9,2,1981,3,,1,6,6,7,7,7,7,7,7,6,7,7,,,1,,,,,,,,,,,,,,,,,,,,,,,,,,,1,6,6,6,4,2,2,2,6,6,6,3,3,6,,,3,2,2,6,3,6,6,6,6,6,,,,1,???? ?????,,,1,,,,1,,,,5,8,,1,1,,1
R_pc8cHvnshIfFU09,Default Response Set,14-11-15 22:14,14-11-15 22:21,1,3,1,3,2010,4,1,4,12,12,2,2,5,6,3,12,1,6,2,6,6,0,7,2,1989,3,,1,7,7,7,5,5,4,7,1,1,7,7,,,,,,,,1,,,,,,,,,13,,13,,,,,,,,,,,1,1,2,2,2,1,7,3,7,1,7,2,2,7,,,2,2,2,5,2,6,7,2,7,2,1,,,,,,,1,,,1,,,,,1,2,,3,1,,1
R_BXHtsF9ZEXtOva9,Default Response Set,14-11-15 22:15,14-11-15 22:23,1,4,1,4,2002,4,1,1,12,12,12,12,6,6,2,12,12,3,12,3,4,2,9,2,1978,3,,1,5,3,7,7,7,7,4,2,1,7,7,,,,,1,,,,,,,1,1,1,,,13,13,,,13,,,,,,,,,1,2,1,2,2,2,7,4,4,1,7,1,1,1,,,7,1,5,1,1,7,4,4,7,1,1,,,,,1,,,,,1,,,,,4,5,,1,1,,1
R_31mYLTTJXDyI2nO,Default Response Set,14-11-15 22:15,14-11-15 22:27,1,2,1,2,1996,4,2,4,3,12,3,1,3,2,2,2,3,12,2,6,6,2,5,2,1972,3,,2,5,5,5,5,6,2,5,5,4,7,7,7,,,,1,,1,,1,,,1,,,,,,,,,13,,,,,,,,,1,2,7,4,6,3,2,1,5,1,1,1,1,3,7,,6,4,4,6,2,7,1,7,6,6,1,,1,,,,,,1,?????? ??? ???,1,,,,,1,2,,1,1,,2
R_D8DYknEXL19cuqZ,Default Response Set,14-11-15 22:21,14-11-15 22:28,1,2,1,2,2006,3,1,4,12,2,3,12,5,3,2,12,3,3,2,5,5,1,9,2,1981,3,,1,6,6,7,5,6,6,7,7,2,7,7,7,,,,,,1,,,,,,,,,,13,,,13,,,,,,,,,,1,6,5,6,6,4,5,3,6,4,6,7,6,7,7,,3,3,3,4,3,5,5,6,5,3,,1,,,,,,1,,,,,1,,,5,11,???????,3,1,,1
R_11iRD9xnEWO94x0,Default Response Set,14-11-15 22:21,14-11-15 22:28,1,3,1,4,2003,3,1,1,2,12,2,1,6,2,1,5,4,6,1,6,6,0,10,2,1979,3,,1,7,7,7,7,7,7,7,7,7,7,7,,,,,,,,,,,,,,,,,,,,,,,,,,,,,,1,6,6,6,4,5,3,4,7,6,7,7,5,7,,,1,1,1,1,1,7,7,7,7,3,,1,,,,,1,,,,,1,,,,5,11,,1,5,,1
R_a47eY5006QKO97H,Default Response Set,14-11-15 22:39,14-11-15 22:51,1,3,1,4,1994,4,2,4,2,12,12,1,5,4,2,5,6,4,2,6,4,0,1,2,1966,1,,1,7,7,7,7,7,7,7,7,6,7,7,,,1,,,,,,,,,,,,,,,,,,,,,,,,,,,1,5,3,6,7,7,7,4,7,7,7,7,5,7,7,,1,1,7,7,1,7,7,7,7,1,,1,,,,,,1,,,,1,,,,1,7,,1,1,,1
R_1QbjLimmidRectv,Default Response Set,14-11-15 22:47,14-11-15 22:55,1,2,1,3,1986,4,1,1,12,12,2,2,6,6,12,12,5,6,12,6,6,2,8,2,1962,1,,1,7,7,7,7,7,6,7,7,6,7,7,7,,1,,,,,,,,,,,,,,,,,,,,,,,,,13,,1,6,7,6,6,5,3,2,7,6,7,7,6,7,7,,1,1,1,1,1,1,6,6,7,1,1,,,,,,,1,,,,1,,,,1,9,,1,1,,1
R_DhQVZyPVDgrrw2Z,Default Response Set,14-11-15 22:49,14-11-15 22:56,1,1,1,3,2009,4,2,4,12,12,2,2,2,2,2,2,2,2,2,2,2,1,8,2,1986,1,,1,6,6,6,6,7,6,6,6,6,6,7,,,1,,,,,,,,,,,,,,,,,,,,,,,,,,,1,6,6,6,6,6,6,6,6,6,6,6,6,6,,,7,2,2,2,2,4,4,4,4,4,1,,,,,,1,,,,,1,,,,1,7,,2,1,,3
R_2XnbdFSOG4lj4ma,Default Response Set,14-11-15 22:54,14-11-15 23:00,1,1,1,3,2012,3,2,2,2,12,2,2,3,3,4,1,12,5,12,5,5,0,9,2,1985,3,,1,7,7,7,7,7,7,7,7,7,7,7,7,,1,,,,,,,,,,,,,,,,,,,,,,,,,,,1,7,7,7,7,7,7,7,7,7,7,7,7,7,,,2,2,2,2,4,7,7,4,7,7,1,,,,,,,1,,,1,,,,,1,2,,1,1,,1
R_9sgTxh7GwHHHiW5,Default Response Set,14-11-15 22:51,14-11-15 23:01,1,3,1,3,2001,3,2,4,2,12,2,2,4,4,2,2,2,4,12,4,4,2,8,2,1975?,5,,1,4,4,4,4,6,6,4,6,2,7,7,7,,,,,1,,,,,,,,,,,,,,,,,,,,,13,,,1,4,7,7,6,5,7,5,7,6,7,6,5,6,7,,3,1,3,4,3,6,5,3,5,3,1,,,,,,1,,,,1,,,,,1,7,,1,1,,3
R_CgGEubNJLUctHeF,Default Response Set,14-11-15 22:57,14-11-15 23:03,1,2,1,3,2015,1,1,4,2,2,2,2,5,5,4,12,2,6,12,6,5,1,8,2,1989,1,,1,6,5,7,5,5,3,4,4,2,7,7,7,,,,,,,1,,,,,,,,,,,,13,,,,,,,,,,1,7,7,7,7,3,3,3,6,3,7,7,5,7,7,,3,3,3,7,3,7,7,5,7,5,,1,,,,,,1,,,1,,,,,1,10,,1,1,,2
R_3EYnA2qHYzDE2q6,Default Response Set,14-11-15 22:52,14-11-15 23:03,1,4,1,4,2005,4,1,4,12,1,2,2,4,3,3,5,2,3,2,3,3,2,7,2,1979,4,,2,6,6,7,6,6,5,6,7,6,7,7,7,,1,,,,,,1,,,1,,,,,,,13,13,13,,13,13,,,13,13,,1,4,4,4,4,4,6,4,5,5,6,5,5,4,6,,3,7,3,3,3,5,6,4,5,2,1,,,,,,,1,,,,1,,,,1,4,,3,1,,2
R_2vlhLWRh9cYUFue,Default Response Set,14-11-15 23:08,14-11-15 23:18,1,4,1,3,2003,4,2,1,12,12,3,2,6,6,12,12,12,6,12,6,6,0,9,2,1965,1,,1,6,6,7,7,6,7,7,7,5,7,7,7,,1,,,,1,,,1,,,,,,,,,,13,,,13,13,,,,,,1,7,7,7,7,7,7,5,7,7,7,7,7,6,7,,1,6,4,5,1,7,7,6,7,1,,1,,,,,,1,,,,,1,,,5,11,,1,1,,2
R_3nSknCIzUclVtrs,Default Response Set,14-11-15 23:17,14-11-15 23:29,1,4,1,2,2001,4,2,4,4,5,6,3,4,5,5,5,6,4,12,2,2,8,3,2,1973,1,,1,7,6,7,7,7,7,6,6,6,7,7,7,,1,,,,,,,,,,,,,,,,,,,,,,,,,13,?? ?????? ??????? ???,1,2,7,4,7,6,7,7,7,7,5,3,3,2,7,???? ?????,2,5,3,3,5,5,6,6,7,5,1,,,,,,,1,,,,,,1,?? ?????..,3,4,,2,1,,1
R_sL7MaGbtMRy0MiR,Default Response Set,14-11-15 23:22,14-11-15 23:34,1,3,1,3,1997,4,2,4,1,1,3,1,6,6,2,2,2,6,1,6,6,0,10,2,1974,1,,1,7,7,7,6,7,4,7,5,4,7,7,,,1,,,,,,,,,,,,,,13,,,,,,,,,,,,,1,7,7,7,7,7,7,7,7,7,7,7,7,7,7,,2,1,1,7,1,2,2,5,7,2,,1,,,,,,1,,,,,1,,,5,,,1,1,,3
R_1eFVFdLxrzca6FX,Default Response Set,14-11-15 23:24,14-11-15 23:34,1,2,1,3,2007,4,2,3,12,3,2,2,5,3,3,12,5,6,12,3,3,1,9,2,1980,1,,1,5,4,6,2,6,5,4,5,1,6,7,4,,,,1,,1,,,1,,1,,,,,13,,,13,,,,,,,,,,1,1,4,7,7,1,3,6,7,3,1,3,3,6,,,2,1,1,6,4,4,6,5,7,3,,1,,,,,,1,,,,1,,,,1,1,,1,1,,1
R_3FWprgJXJmpFBBi,Default Response Set,14-11-15 23:34,14-11-15 23:44,1,4,1,4,2002,4,1,1,2,2,3,2,12,2,4,3,2,2,2,4,3,4,7,2,1975,1,,1,2,2,6,3,6,6,3,6,1,7,7,7,,1,,,1,,1,,,,,,,,,,,,13,,,,,,,,,,1,6,7,7,2,1,1,1,1,1,2,5,3,6,7,,2,2,1,5,1,3,5,3,7,1,1,,,,,,1,,,,,1,,,,1,10,,1,1,,1
R_2qBZQcmtFItJ3nP,Default Response Set,14-11-15 23:55,15-11-15 0:01,1,1,1,3,2010,4,1,4,1,1,1,1,6,6,12,1,6,6,6,6,6,0,10,2,1984,3,,1,6,6,7,7,7,6,7,7,5,7,7,7,,,,,,,,,,,,,,,,,,,,,,,,,,,,,1,5,5,7,5,5,7,5,7,4,7,4,5,3,,,3,3,1,5,5,6,7,5,7,3,,1,,,,,,1,,,,,,1,,1,7,,1,1,,1
R_z7ReIp94tMJUsmZ,Default Response Set,14-11-15 23:47,15-11-15 0:02,1,2,1,3,2007,4,1,1,12,12,12,12,6,6,2,6,5,6,1,6,6,0,10,2,1971,3,,2,7,6,7,7,7,7,7,7,6,7,7,7,,1,,,,,,,,,,,,,,,,13,,,,,,,,,13,,1,6,7,7,7,7,7,4,7,7,7,7,7,7,7,,4,1,4,6,1,4,7,7,7,1,,1,,,,,,1,,,,,1,,,1,1,,1,1,,1
R_1i4K8hPlt6PT2aW,Default Response Set,15-11-15 1:34,15-11-15 1:42,1,2,1,4,2010,4,1,3,3,12,12,12,5,3,3,12,2,6,12,6,5,0,8,2,1986,3,,1,5,6,6,6,6,6,6,6,4,7,7,7,,1,,,,,,,,,,,,,,,,,,,,,,,,,,,1,5,5,7,5,2,2,2,5,3,5,4,5,6,7,,5,2,3,5,3,3,6,7,7,4,,1,,,,,,1,,,1,,,,,1,3,,1,1,,1
R_2Tn8mHWK9KE19ug,Default Response Set,15-11-15 4:32,15-11-15 4:45,1,3,1,3,2014,1,2,4,2,12,3,3,2,2,5,4,2,2,3,5,4,8,0,2,", 1986",3,,2,3,3,1,3,5,5,4,2,1,4,7,7,,,,,1,,,,,,,,,,,,,13,,13,,13,,,,,,,1,3,3,3,3,3,4,2,4,6,3,3,3,1,7,,3,2,2,5,5,7,2,5,3,4,1,,1,,,,,,1,??? ?????? ?? ?????? ???????? ??????? ?????? ??????,,1,,,,1,2,,1,1,,1
R_VL9HIv5PboR3nXP,Default Response Set,15-11-15 6:07,15-11-15 6:15,1,2,1,3,2013,1,1,4,1,1,12,12,6,3,3,12,5,5,2,4,5,0,10,2,1989,1,,1,6,6,7,6,7,7,6,7,3,7,7,,,,1,,,,,,,,,,,,,13,,,13,,,,,,,,,,1,5,5,4,4,5,7,7,7,7,7,5,5,6,,,3,2,5,5,4,6,6,7,5,7,1,,,,,1,,,,,1,,,,,1,4,,1,1,,3
R_2azOV2zfBOH3IFl,Default Response Set,15-11-15 6:51,15-11-15 7:00,1,4,1,3,2013,1,1,3,4,5,6,4,12,3,3,3,2,3,3,1,12,7,4,2,1990,1,,1,1,2,3,2,4,4,3,3,3,3,5,4,,,1,,1,1,,,1,,1,1,,,,,,13,,,,,,13,,,,,1,2,3,4,4,4,3,4,6,6,4,3,3,2,,,4,3,5,2,4,7,2,6,1,4,1,,,,,1,,,,,,1,,,,1,4,,2,1,,3
R_3fHHr1eBoddokc6,Default Response Set,15-11-15 8:24,15-11-15 8:32,1,1,1,2,1971,4,2,2,1,12,12,12,6,6,12,12,5,6,1,6,6,10,0,2,1950,1,,1,7,7,7,7,7,7,7,7,6,7,7,,,1,,,,,,,,,,,,,,,,,,,,,,,,,,,1,6,6,6,6,6,6,7,7,7,7,7,7,7,,,2,2,2,6,2,4,6,6,7,1,1,,,,,,1,,,,,1,,,,5,11,??????????,1,1,,1
R_3pgNOVOvH4tiO2b,Default Response Set,15-11-15 8:48,15-11-15 8:58,1,4,1,3,1978,4,2,4,3,2,3,4,4,4,4,4,5,3,3,5,5,3,5,2,1957,1,,1,4,4,6,6,7,6,7,7,6,7,7,7,,1,,,,,,,,,,,,,,,,13,,,,,,,,,,,1,3,6,4,7,3,7,2,6,7,7,4,2,7,7,,5,3,5,7,3,6,7,7,7,5,1,,,,,1,,,,,1,,,,,1,7,,1,1,,1
R_1E5VW30xmwPMZU2,Default Response Set,15-11-15 8:53,15-11-15 9:00,1,3,1,4,2004,3,2,1,12,1,2,1,5,5,2,12,4,4,2,6,6,1,9,2,1982,3,,2,7,7,7,6,5,7,7,7,5,7,7,7,,1,,,,,,,,,,,,,,,,,,,,,,,,,,,1,6,6,5,5,5,7,7,7,7,7,7,7,7,7,,1,5,1,7,1,7,7,7,7,1,1,,,,,,,1,,,1,,,,,5,11,????? ???????,2,1,,1
R_2uwaW2KaZDN5nVU,Default Response Set,15-11-15 12:19,15-11-15 12:34,1,3,1,3,2014,2,1,2,1,12,1,1,6,6,12,2,3,5,2,6,6,1,9,2,1989,3,,1,6,4,6,6,6,6,6,6,2,7,7,,,1,,,,,,,,,,,,,,,,,,,,,,,,,,,1,2,7,4,6,3,5,3,6,3,7,6,6,7,,,2,3,7,4,5,7,7,7,7,2,,1,,,,,1,,,,1,,,,,1,3,,1,1,,1
R_1HcVMkzhdETkp9J,Default Response Set,15-11-15 15:03,15-11-15 15:10,1,4,1,4,2007,4,2,3,1,1,1,1,5,5,3,12,5,5,12,6,6,0,9,2,1982,1,,1,6,6,7,7,7,3,6,7,7,7,7,7,,,,,,,,,,,,,,,,,,,13,,,,,,,,,,1,6,6,6,6,6,4,3,7,3,7,7,4,7,,,1,1,6,7,4,7,7,7,7,3,,1,,,,,,,1,,,,,1,,1,7,,1,1,,3
R_1FrcFDBuLoJ6jim,Default Response Set,15-11-15 17:13,15-11-15 17:23,1,1,1,4,2007,4,2,3,2,3,2,3,2,4,4,2,4,2,2,4,4,5,6,2,1978,1,,1,3,2,4,2,1,1,2,3,1,3,7,1,??????? ????? ?? ???? ??????,,,,,,,,1,,1,1,,,,,,,13,,,,,,,,,,1,4,6,6,5,4,5,3,4,5,3,3,2,1,7,,3,1,4,2,1,2,6,5,2,3,,,,1,??? ???? ?????? ??????? ???? ?? ?????\????,,1,,1,"???? ????? ?? ????? ??, ??? ?? ?? ??????? ????????",1,,,,,1,11,????? ???? ????,3,1,,2
R_3FXMBYAwLpqVxFz,Default Response Set,15-11-15 17:56,15-11-15 18:09,1,3,1,3,2003,4,1,1,3,3,3,12,5,5,2,12,5,5,3,5,5,3,3,2,1979,3,,1,6,6,6,4,4,6,4,2,2,6,6,1,,,,,,1,1,,1,1,1,,,,,13,,,13,13,,,,,,,,,1,2,4,5,5,5,5,5,6,2,2,2,2,2,,,4,4,6,2,2,2,2,2,4,4,1,,,,,,1,,,,,1,,,,5,11,,2,1,,1
R_2yjZRWMXM13pUZY,Default Response Set,15-11-15 18:26,15-11-15 18:35,1,2,1,3,2004,4,2,4,12,12,1,1,6,5,12,1,2,5,1,6,4,2,9,2,1982,3,,1,6,3,6,6,7,7,3,7,5,7,6,7,,,,,,,,,1,,,,,,,,,13,13,13,,13,,,,13,,,1,5,5,5,6,3,2,2,5,6,7,2,2,2,7,,1,5,1,5,2,6,6,3,7,2,,1,,,,,,1,,,,1,,,,1,4,,1,1,,1
R_ewFSM3vSCiBykz7,Default Response Set,15-11-15 19:24,15-11-15 19:31,1,2,1,4,1995,4,1,1,12,1,1,1,6,6,1,1,6,6,1,6,6,10,0,2,1972,5,,2,7,7,7,7,7,7,7,7,6,7,7,7,,1,,,,,,,,,,,,,,,,,,,,,,,,,,,1,7,7,7,7,5,7,5,7,7,7,7,7,7,7,,1,1,7,1,1,1,7,7,7,1,,,,1,,1,,,,,,1,,,,5,11,?????,3,1,,1
R_OoPmRS55BOBF7YB,Default Response Set,15-11-15 20:30,15-11-15 20:37,1,3,1,4,1980,2,1,1,2,2,2,2,4,4,2,12,3,5,2,5,5,1,7,2,1959,5,,1,3,4,3,2,6,2,4,6,5,7,7,,,,,,,1,,,,,,,,,,,,,,,,13,,,,,,,1,6,7,7,7,7,6,7,7,6,7,6,5,6,,,1,3,3,4,2,4,7,6,7,1,1,,,,,1,,,,,1,,,,,1,7,,1,1,,1
R_VQia1wBWrD8jopr,Default Response Set,15-11-15 22:26,15-11-15 22:37,1,4,1,3,1990,4,2,4,3,4,3,12,4,4,5,2,4,4,3,5,2,3,8,2,1961,2,,2,2,3,6,3,7,3,7,6,5,7,7,,,,,,1,,,,,,,,,,,,,,,13,,,,,,,,,1,7,7,7,7,5,7,7,7,7,6,6,5,6,,,5,2,2,5,1,6,6,6,6,6,1,,,1,??????,,1,,,,,1,,,,1,4,,1,4,,1
R_3kb4aFKAV9ehIdH,Default Response Set,15-11-15 23:01,16-11-15 0:25,1,1,1,3,2014,2,1,4,2,1,12,1,5,6,12,12,2,4,12,5,5,1,9,1,1981,3,,1,7,7,7,7,7,7,7,7,7,7,7,7,,1,,,,,,,,,,,,,,,,,,,,,,,,,,,1,5,7,7,3,5,3,3,7,7,7,5,7,7,7,,1,1,1,7,1,7,7,7,7,2,1,1,1,,,,,1,,,,1,,,,4,5,,1,1,,1
R_ZF5SyYTiqXU7sLn,Default Response Set,16-11-15 3:02,16-11-15 3:17,1,2,1,3,2001,4,1,1,1,1,1,1,6,6,1,1,3,6,1,6,6,0,10,2,1966,1,,1,7,7,7,7,7,7,7,7,7,7,7,7,,1,,,,,,,,,,,,,,,,,,,,,,,,,,,1,1,1,1,1,1,4,1,1,4,7,3,3,7,,,1,1,1,5,3,7,7,7,6,2,,1,,,,,,1,,,,,1,,,5,3,,1,1,,1
R_cMgvXy62IDxWbYZ,Default Response Set,16-11-15 12:35,16-11-15 12:52,1,4,1,3,2006,4,2,1,1,1,1,1,6,6,12,1,6,6,1,6,6,0,10,2,81,3,,2,7,7,7,7,7,7,7,7,5,7,7,,,1,,,,,,,,,,,,,,,,,13,13,,,,,,,,,1,7,7,7,7,4,6,6,7,7,6,7,7,7,,,3,2,1,3,4,5,4,7,7,5,,1,,,,1,,,,,1,,,,,1,7,,3,1,,1
R_1H5MycRfiFZVY8A,Default Response Set,14-11-15 22:42,17-11-15 0:54,1,4,1,2,2014,1,2,2,4,4,4,3,5,5,6,4,4,4,4,5,4,5,3,2,1966,1,,1,4,4,4,4,4,4,4,4,7,7,7,,,,,,,,,,1,,,,,,,13,,13,13,13,,,,,,,,,1,3,7,7,7,7,7,7,7,7,7,4,4,4,,,1,1,7,7,1,7,7,7,7,7,1,,,,,,1,,,,1,,,,,1,7,,1,1,,4
R_2PdP93JWAt3eMTd,Default Response Set,17-11-15 16:55,17-11-15 17:00,1,2,1,4,2001,4,1,1,3,3,3,3,3,3,3,4,4,3,4,3,4,5,5,2,1977,1,,1,4,4,3,5,4,4,4,4,4,3,7,6,,,1,,,,1,,,,1,,,,,13,,,13,,13,,,,,,,,1,3,4,4,4,4,4,4,4,4,4,4,4,4,4,,4,4,4,4,4,4,4,4,3,5,1,,,,,,,1,,,,,1,,,2,11,??? ????,3,1,,2
R_xa4mp6VTATbFJvj,Default Response Set,18-11-15 10:55,18-11-15 11:01,1,1,1,3,2010,4,1,4,1,1,1,1,6,5,1,12,4,6,1,6,5,0,10,1,1983,3,,1,5,6,7,7,7,7,7,7,4,7,6,7,,1,1,,,,,,,,,,,,,13,,,13,13,,,,,,,,,1,3,3,4,2,1,6,1,4,3,7,3,6,7,,,5,2,7,6,5,7,7,7,7,5,1,,,,,,,1,,,,,1,,,4,5,,1,1,,1
R_RfVtdKOGbmsnLiN,Default Response Set,18-11-15 15:04,18-11-15 15:09,1,3,1,3,2013,3,2,4,2,2,2,2,3,3,2,1,4,5,3,5,12,3,8,2,1989,1,,1,3,3,4,4,7,7,3,7,4,7,7,7,,,,1,1,,,,1,1,,,,,,,,,13,,,,13,,,13,,,1,7,7,7,7,7,7,4,7,7,7,7,7,7,,,3,1,4,2,3,7,6,6,7,4,1,,,,,,,1,,,1,,,,,1,1,,2,1,,3
R_12eXzZ8HEddlN1Z,Default Response Set,19-11-15 0:11,19-11-15 0:17,1,4,1,3,2007,4,1,1,12,12,12,12,5,4,1,4,3,6,2,6,6,1,8,2,1974,1,,1,7,7,7,7,7,7,7,7,7,7,7,7,,1,,,,,,,,,,,,,,,,,,,,,,,,,,,1,6,6,6,4,6,2,4,7,7,4,7,7,7,7,,1,7,7,7,3,7,7,1,7,1,1,,,,,1,,,,,1,,,,,1,2,,1,1,,2
R_2PcYri9Pu7uk7DD,Default Response Set,19-11-15 0:36,19-11-15 0:43,1,2,1,3,2009,4,1,4,12,12,12,12,5,5,3,2,5,3,12,3,2,7,6,1,1980,3,,1,6,6,7,5,7,7,7,7,7,7,7,,,1,,,,,,,,,,,,,,,,,,,,,,,,,13,,1,7,7,7,7,7,7,7,7,7,6,6,6,7,,,1,2,2,2,2,7,7,1,7,2,,1,,,,,1,,,,1,,,,,1,4,,1,1,,1
R_1kH7IPEOE3sjdhJ,Default Response Set,19-11-15 19:01,20-11-15 3:52,1,1,1,2,1995,4,2,3,2,2,12,2,5,5,1,12,2,5,12,5,2,1,8,2,1972,1,,1,6,5,5,6,6,6,5,5,5,7,7,,,1,,,,,,,,,,,,,,,,,,,,,,,,,,,1,3,6,6,5,6,5,6,7,6,7,7,4,3,,,2,2,3,6,2,7,6,6,6,2,,1,,,,,,1,,,,,,1,"??? ?????,??? ?????",1,11,?????????,3,1,,3
R_w1AF8cOYlkCEh8Z,Default Response Set,20-11-15 3:42,20-11-15 3:53,1,2,1,2,2013,3,1,2,1,12,1,12,4,4,2,12,6,5,1,3,4,3,8,1,1986,1,,1,7,7,7,7,7,6,5,6,5,6,7,6,,1,,,,,,,,,,,,,,13,,,,,,,,,,,,,1,4,6,6,6,6,6,6,6,6,6,6,6,6,,,3,1,1,4,3,4,5,5,7,1,,,1,,,,,1,,,,,1,,,1,2,,3,3,,3
R_22XNRf1yYuCC5HD,Default Response Set,24-11-15 20:46,24-11-15 20:52,1,3,1,4,2003,4,2,4,12,1,1,1,5,5,1,12,12,6,1,5,12,0,9,2,1981,1,,1,6,6,7,7,4,6,4,7,3,7,7,,,,,,,,1,,,,,,,,,,,13,13,,,,,,,,,,1,6,7,7,7,7,3,1,6,6,7,7,7,7,7,,4,1,3,4,2,7,7,7,7,6,1,,,,,,,1,,,,,1,,,1,10,,3,1,,3
R_2EGghl0sK5nTFcQ,Default Response Set,24-11-15 20:53,24-11-15 20:58,1,2,1,3,2011,4,2,3,2,3,3,3,3,2,3,2,5,5,2,4,4,4,7,2,1987,1,,1,7,7,7,6,7,6,6,7,7,7,7,7,,1,,,,,,,,,,,,,,13,,,,,,,,,,,,,1,6,7,7,7,7,7,4,7,7,7,7,7,7,7,,1,1,2,7,4,7,7,7,7,2,,1,,,,,,1,,,1,,,,,1,10,,3,1,,3
R_SGFOr7Yn81ugtxv,Default Response Set,24-11-15 20:49,24-11-15 21:00,1,4,1,3,2011,4,1,4,12,12,2,12,5,5,12,12,3,5,12,5,5,2,9,2,1986,1,,1,5,5,6,6,6,6,6,6,5,6,7,,,,,,,,,,,,,1,1,,,,,13,13,,,13,,,,,,,1,6,6,6,7,6,7,6,7,6,7,7,6,7,,,2,3,2,6,4,7,7,7,7,2,,1,,,,,1,,,,,,,,,1,10,,1,1,,3
R_BrznVbuWQ3iQMmt,Default Response Set,24-11-15 20:52,24-11-15 21:00,1,1,1,3,2009,4,2,4,2,12,12,2,5,4,2,12,2,5,2,5,5,3,9,2,1985,1,,1,6,5,6,5,4,6,6,5,4,7,7,7,,,,1,,1,,,,,,,,,,,,,13,,,,,,,,,,1,5,7,7,6,7,7,6,6,7,6,6,6,7,,,3,3,2,6,5,7,7,6,7,5,,1,,,,,,1,,,,,1,,,1,10,,3,1,,3
R_3Dc0I1l04ym0i2x,Default Response Set,24-11-15 20:47,24-11-15 21:03,1,4,1,3,2005,3,2,1,3,4,4,4,5,3,3,3,5,6,3,6,6,0,9,2,1982,1,,1,7,7,7,7,7,7,7,7,7,7,7,7,,1,,,,,,,,,,,,,,,,,,,,,,,,,13,?? ??????? ,1,5,5,5,5,7,6,6,7,6,7,6,7,7,7,???? ?????? ??? ???? ?????? ....,7,1,2,2,4,2,2,6,,7,,1,,,,,,1,,,1,,,,,5,11,???? ??? ,1,1,,3
R_2zGPCyrnIrXzp8q,Default Response Set,24-11-15 21:01,24-11-15 21:09,1,3,1,3,2003,2,1,4,3,6,5,4,2,2,5,4,5,3,3,2,3,7,2,2,1980,1,,1,7,3,4,4,3,4,1,5,2,3,7,,?,,,1,,,1,,1,,,1,,,,,,,13,,,,,,,,,,1,2,6,6,7,7,7,7,7,7,5,2,1,1,,,4,2,7,3,4,7,7,7,2,6,1,,,,,1,,,,,,1,,,,1,10,,3,1,,3
R_24ovcuBUKYtHP4j,Default Response Set,24-11-15 21:43,24-11-15 21:51,1,1,1,4,2000,4,1,4,12,1,2,12,5,4,12,3,2,5,2,5,5,0,10,2,1982,5,,2,6,7,7,7,6,6,7,7,6,7,7,,,,,,,,1,,,,,,1,1,"?? ?????? ????? ?????, ???? ????? ???? ??? ?????? ????? ",,,,,,,13,13,,,,,,1,4,7,6,6,6,5,5,7,6,7,2,3,6,,,1,1,1,3,1,7,7,7,7,1,,1,,,,,,1,,,,,1,,,1,10,,3,1,,3
R_2q43DjA1CtuBpoZ,Default Response Set,24-11-15 21:51,24-11-15 21:58,1,2,1,3,2012,3,2,4,12,2,12,12,5,5,2,1,4,6,1,6,6,2,8,2,1989,1,,1,7,5,6,6,7,6,6,7,6,7,7,,,,,,,1,,,,,,,,,,,,13,13,,,13,,,,,,,1,4,7,6,7,7,5,5,7,6,7,6,6,6,,,4,1,2,1,4,7,6,7,7,7,,1,,,,1,1,1,1,"???? ?????? ??????...?????? ?????, ?????? ?????? ??????? ?? ?????...",1,,,,,1,3,,1,1,,3
R_3fUUwlhkEK2mdUK,Default Response Set,24-11-15 21:54,24-11-15 22:01,1,2,1,3,2014,2,1,1,12,2,3,12,3,5,4,4,4,3,2,12,12,9,2,2,1986,1,,1,2,2,4,2,3,5,2,2,2,6,6,,,,,,,,,,1,,,,,,,,,13,13,13,,,,,,,,,1,1,2,2,1,1,1,2,2,3,2,1,1,1,,,6,2,4,1,2,7,2,7,2,7,1,,,,,,1,,,,1,,,,,1,6,,1,1,,1
R_PHQnVP8DXVFvaXD,Default Response Set,24-11-15 22:03,24-11-15 22:17,1,3,1,3,2009,3,2,4,12,1,2,12,3,2,2,4,3,2,12,2,3,2,9,2,1988,1,,2,2,5,4,3,5,4,3,2,2,6,7,7,,1,1,,1,,,,,,1,,,,,13,,13,,,,,13,,,,,,1,3,7,7,5,3,3,7,6,6,7,7,6,7,7,,1,2,2,7,6,7,7,7,7,1,1,,,,,,,1,,,,1,,,,1,4,,2,2,,1
R_3JqPu84YlkRL5n9,Default Response Set,24-11-15 22:19,24-11-15 22:24,1,3,1,4,2011,4,1,4,2,2,2,3,4,4,4,4,4,6,3,6,5,4,7,2,1985,1,,1,1,1,1,1,1,1,1,1,1,7,7,,,,,,,,,,1,,,,,,,,,,13,,,,,,,,,,1,4,4,6,6,6,7,5,6,7,5,5,5,5,,,4,1,1,6,1,3,3,7,5,3,1,,,,,,1,,,,1,,,,,1,11,?????????? ?????,1,1,,1
R_2WA7OW8harJzHLQ,Default Response Set,24-11-15 22:21,24-11-15 22:28,1,4,1,3,1999,4,1,1,3,3,3,3,6,3,5,6,5,3,6,6,6,6,2,2,1970,1,,1,4,4,6,4,1,4,1,5,1,4,7,,,,,,,,1,,1,,1,1,,,,,,13,,13,,13,,,,13,,,1,3,6,6,7,7,7,7,7,7,7,7,4,4,,,1,1,1,7,3,7,7,1,4,2,1,,,,,,1,,,,,1,,,,1,9,,1,1,,1
R_2BwYfVH7t295CMm,Default Response Set,24-11-15 21:10,24-11-15 22:30,1,1,1,3,2008,4,2,1,12,12,12,12,5,5,4,12,2,6,12,5,5,1,9,2,1984,1,,1,7,6,7,7,7,7,7,7,7,7,7,7,,1,,,,,,,,,,,,,,,,,,,,,,,,,13,,1,7,7,6,6,7,7,7,7,7,7,7,7,7,,,2,2,2,6,2,2,3,7,7,5,,1,,,,,,1,,,,,1,,,5,3,,2,1,,3
R_2s4qn0Nr7ze7phb,Default Response Set,25-11-15 0:12,25-11-15 0:18,1,3,1,3,2011,4,2,4,2,2,2,2,5,5,12,2,3,5,2,5,5,2,8,2,1968,1,,1,6,5,7,7,7,5,5,5,5,7,7,7,,,,,,,,,,,1,,,,,,,,13,13,,,,,,,,,1,6,7,7,7,6,6,6,6,6,6,7,6,7,7,,4,3,3,7,3,4,7,6,7,5,,1,,,,,1,,,,1,,,,,1,3,,1,1,,1
R_2vZz7JoyTgfVng2,Default Response Set,25-11-15 0:24,25-11-15 0:30,1,2,1,4,2013,3,1,4,2,2,2,3,4,4,3,2,3,5,2,5,6,4,7,2,1989,1,,1,6,6,6,6,3,2,4,6,4,7,7,6,,,,,1,,,,,,,,,,,,,,13,,,,,,,,,,1,4,6,7,6,7,6,4,7,5,7,6,4,5,,,4,3,2,5,5,7,5,6,4,4,,1,,,,,1,,,,1,,,,,1,10,,1,1,,3
R_42hBSWhH3r1uXyF,Default Response Set,12-11-15 6:03,25-11-15 3:52,1,3,1,2,1983,4,1,2,1,1,2,12,6,6,1,1,3,6,12,6,5,0,10,2,1962,1,,1,7,7,7,7,6,6,7,7,6,7,7,7,,1,,,,,,,,,,,,,,,,,,,,,,,,,,,1,6,7,7,7,7,7,7,7,7,7,7,7,7,,,1,1,6,1,2,7,7,7,7,2,1,,,,,,,1,,,,,1,,,5,11,???? ????? ??????,1,1,,1
R_3dXLYFU7XWg8pcy,Default Response Set,25-11-15 8:58,25-11-15 9:07,1,4,1,4,2008,4,1,1,2,12,2,12,6,6,12,12,12,6,12,6,5,1,9,2,1982,3,,1,7,7,7,5,7,7,7,7,6,7,7,7,,,,,,,,,,,1,,,,,,,,13,13,,,,,,,,,1,7,7,7,4,7,7,7,7,7,7,4,4,6,7,,2,1,1,6,6,7,7,7,7,4,,,,1,,,,1,,,,,,1,?? ???? ??,1,2,,1,1,,1
R_1q96uV3F0VZCicf,Default Response Set,25-11-15 16:03,25-11-15 16:14,1,3,1,2,2009,4,1,1,12,12,1,1,6,6,12,12,2,6,12,6,6,0,10,2,1984,3,,2,7,7,7,7,7,7,7,7,7,7,6,7,,1,,,,,,,,,,,,,,,,,,,,,,,,,,,1,5,6,7,7,6,7,7,7,7,7,6,7,7,7,,4,1,1,6,3,7,7,7,7,3,,1,,,,,,1,,,,,1,,,5,11,????? ????? ????,1,1,,1
R_2xG0DQ3EQ4X0avP,Default Response Set,25-11-15 18:05,25-11-15 18:21,1,1,1,4,2002,4,1,4,4,3,4,3,5,3,3,3,1,4,3,5,4,4,4,2,1979,3,,1,3,5,7,2,6,6,6,6,2,6,7,7,,,1,,,1,,,,,1,1,,1,,,,13,,,,,13,,,13,13,,1,7,7,7,7,7,7,7,7,7,7,4,2,1,7,,1,1,5,7,3,6,7,6,6,2,1,,,,,,,,1,?????? ?????,,,,1,"?? ???? ??, ??? ?? ????? ????? ??????? ??????",1,5,,1,1,,1
R_1DOuvTWlTnCwbbs,Default Response Set,25-11-15 20:34,25-11-15 20:47,1,4,1,3,2004,2,1,3,2,12,2,12,5,6,3,3,2,5,2,6,6,1,9,1,1976,3,,2,7,7,6,6,7,6,6,3,4,5,7,7,,,1,1,1,1,,,1,1,1,1,,,,13,,,,,,,,,,,13,,1,3,7,4,4,1,4,2,7,2,2,2,2,1,7,,2,1,2,2,2,6,7,6,7,2,,1,,,,,,1,,,,1,,,,2,1,,1,4,,1
R_1DTlgYQuEUxOK2v,Default Response Set,25-11-15 22:14,25-11-15 22:30,1,1,1,3,2004,4,1,4,2,2,2,2,6,6,2,2,4,6,3,5,4,2,0,2,1960,7,???????,2,5,5,3,4,4,4,4,4,3,5,7,7,,,1,,,1,1,,1,,1,,,,,13,,13,13,,,13,,,,13,,,1,3,7,7,7,4,4,4,5,7,5,5,5,1,7,,3,2,5,7,1,5,7,1,6,1,1,,,,,,1,,,,1,,,,,1,1,,1,1,,2
R_23dCyAdhUGzObDs,Default Response Set,25-11-15 23:31,25-11-15 23:39,1,4,1,3,2017,2,1,4,4,4,5,5,4,3,4,4,3,2,4,4,4,5,6,1,1985,1,,1,2,2,4,4,5,5,3,3,2,5,7,7,,,,,,,,,1,,1,,1,1,,,,,13,,,,,,,,,,1,3,6,6,5,7,7,7,7,7,7,5,6,6,7,,6,1,5,5,5,6,7,7,7,5,1,,,,,,1,,,,1,,,,,1,4,,1,1,,1
R_3gU83TSbOZ1z4wU,Default Response Set,26-11-15 6:01,26-11-15 7:44,1,3,1,4,2000,4,1,1,2,12,2,12,2,6,12,12,5,5,12,6,3,1,8,2,1975,3,,1,5,5,6,5,6,5,7,6,5,6,7,7,,,,,,1,,,,,,,,,,,,,,13,,13,,13,,,,,1,3,5,5,7,3,5,3,7,3,6,4,4,5,,,5,1,3,3,3,2,5,4,5,3,1,1,,1,,,1,,1,??? ????? ???? ?????,,,,1,?????? ????? ??? ????? ?????,2,11,????????,1,1,,1
R_2OHYhszN4w07dXd,Default Response Set,26-11-15 15:25,26-11-15 15:31,1,2,1,3,2014,1,1,4,2,2,2,12,3,3,12,12,4,5,2,5,4,3,7,1,1986,1,,1,4,6,5,6,6,7,6,6,6,7,7,,,1,,,1,,,,,,,,,,,,,,,13,,,,,,,,,1,2,6,4,4,2,4,2,6,3,4,4,4,6,,,3,3,5,4,4,7,3,7,4,3,1,,,,,,,,1,"??? ???? ?""????""",,,,1,???? ?????? ??? ??? ??? ???????,4,5,,1,1,,1
R_7ZLdjCtU2NgykMB,Default Response Set,27-11-15 1:36,27-11-15 2:39,1,4,1,3,,4,1,4,12,2,2,12,2,4,12,5,12,2,2,5,5,0,5,2,,5,,2,6,6,4,5,4,6,7,7,7,7,7,,,1,,,,1,1,,,,,,,,,,,13,,,,,,,,,,,1,6,6,6,6,2,7,3,5,7,7,7,7,7,,,1,1,2,1,3,2,6,6,7,2,,1,,,,,,1,,,1,,,,,1,4,,1,1,,2
R_2c7naGpqP7W8xyu,Default Response Set,27-11-15 16:04,27-11-15 16:20,1,3,1,4,2001,1,1,4,5,5,6,5,12,4,4,1,2,12,5,2,5,6,1,2,1972,3,,1,5,5,6,6,1,7,6,7,2,7,7,,,,,,,,1,,,,,,,,,13,,,,,,,,,,,,,1,2,3,3,2,7,7,6,7,7,7,7,2,1,7,,4,3,7,2,3,7,7,7,7,2,1,,,,,,1,,,,,1,,,,1,11,?????????,2,1,,1
R_e2jdjmP7Yeal6Lv,Default Response Set,28-11-15 23:18,28-11-15 23:28,1,2,1,3,2003,4,1,4,1,12,12,1,6,5,12,4,5,5,1,6,5,10,1,2,1969,1,,1,6,7,7,7,7,6,7,7,7,7,7,,,1,,,,,,,,,,,,1,,,,,13,,,,,,,,13,,1,4,7,7,7,5,7,4,7,5,6,3,3,3,,??? ??? ????? ??????,2,2,2,7,2,6,6,7,7,7,,1,,,,,1,,,,1,,,,,1,4,,1,1,,1
R_1H6RzqLxFV8m4gx,Default Response Set,29-11-15 1:33,29-11-15 1:43,1,1,1,4,1984,1,1,1,12,12,2,12,5,5,12,12,3,4,12,5,5,8,8,2,1963,1,,1,6,6,6,5,6,3,6,6,5,7,7,,,1,,,,,,,,,,,,,,,,,,,,,,13,,,,,1,5,6,7,5,5,5,5,6,7,6,6,6,6,,,3,3,4,6,3,6,6,3,6,2,,1,,,,,,1,,,,,1,,,5,11,???? ??? ?????,1,1,,2
R_2TKNZ5gmQJW9kF7,Default Response Set,28-11-15 23:32,29-11-15 8:24,1,4,1,4,2008,4,1,4,12,12,2,12,2,12,2,3,12,12,2,1,1,6,3,2,1973,1,,1,2,2,2,3,4,2,3,2,4,5,7,7,,,1,1,,1,1,1,,,1,,,,,,,13,13,13,,,13,13,,,,,1,2,2,2,2,4,2,3,2,2,2,1,1,1,,,2,2,2,4,2,3,1,2,3,3,1,,,,,,,1,,,,1,,,,2,11,????????,1,1,,2
R_ai07jRaVx3sPLJD,Default Response Set,08-12-15 15:54,08-12-15 16:08,1,1,1,2,2010,1,2,4,12,12,12,12,5,5,2,12,6,5,12,3,3,3,6,2,1987,7,????????,2,2,3,4,6,7,5,4,7,1,6,7,,,,,1,,,,,,,,,,,,13,,,,,,,,,13,,,,1,5,5,7,5,5,7,7,7,7,4,4,4,1,,,5,1,2,2,3,6,7,7,7,6,,1,,,,,,,1,????? ?? ??? ?? ?????,,,1,,,1,4,,1,1,,3
R_3PMH6r8D6WfkjuP,Default Response Set,08-12-15 16:35,08-12-15 16:42,1,4,1,3,2000,2,1,4,4,3,4,2,3,3,3,3,2,3,3,4,3,7,4,2,1975,1,,1,7,6,7,5,7,7,6,6,4,7,7,7,,,,,,,,,1,,,,,,,,,13,,,,,,,,,,,1,7,7,7,7,7,5,7,7,5,7,7,6,7,7,,1,1,1,1,4,2,4,6,7,5,,1,,,,,,1,,,1,,,,,1,6,,1,1,,3
R_9ZyyidDPJ2F325r,Default Response Set,08-12-15 16:48,08-12-15 16:55,1,2,1,3,2011,4,1,4,3,4,3,3,12,2,4,4,4,3,3,5,4,1,9,2,1986,1,,1,4,3,6,6,3,4,4,6,1,7,7,7,,,,,,,1,,,,1,,,,,,,13,,,,,,,,,,,1,4,5,6,5,4,5,4,6,4,6,4,6,4,7,,6,5,4,6,2,5,7,3,7,3,,1,1,,,,1,,,,,1,,,,1,7,,1,1,,2
R_2wnsiqZdCSUGN4a,Default Response Set,08-12-15 17:23,08-12-15 17:29,1,2,1,4,2005,3,1,1,12,12,12,12,6,5,3,12,4,5,4,5,3,4,6,1,1981,1,,2,6,7,7,5,5,3,7,7,5,7,7,7,,,,,,1,,,,,,,,,,,,,,,,13,13,,,,,,1,6,7,7,7,7,4,5,7,7,7,7,7,7,7,,1,7,7,7,1,7,7,7,7,1,,1,,,,,,1,,,,1,,,,1,4,,1,2,,2
R_1DZstQSQusAGlC9,Default Response Set,08-12-15 18:25,08-12-15 18:36,1,2,1,2,1992,2,1,4,1,1,12,1,6,6,2,1,5,6,12,6,6,2,8,2,1965,6,,1,6,6,7,7,7,4,6,7,4,7,7,7,,,,,,,,1,,,,,,1,,13,,,,,,,,,,,13,,1,5,7,7,6,4,4,3,6,4,6,6,6,7,,,3,1,1,1,2,7,4,7,7,1,1,,,,,1,,,,,1,,,,,1,11,????? ???? ??????,1,1,,2
R_2V7vAacgCCQOYhQ,Default Response Set,08-12-15 18:44,08-12-15 18:52,1,4,1,2,2013,2,2,4,12,12,12,12,5,4,3,1,3,6,12,5,6,2,9,2,1991,1,,1,7,6,7,6,7,7,7,7,5,7,7,,,,,1,,,,,,,,,,,,13,,,,,,,,,,,,,1,4,5,4,4,4,4,5,7,4,4,5,5,6,,,3,2,6,5,5,7,7,7,7,7,,1,,,,,,1,,,,,,1,?? ?????,1,11,??????????????,3,1,,3
R_3327qXlw6XOBU4l,Default Response Set,08-12-15 18:44,08-12-15 18:56,1,3,1,2,2013,4,1,3,4,4,6,3,4,4,4,4,3,12,4,3,12,7,6,1,1967,3,,2,3,4,5,6,6,4,5,4,4,6,7,,,,,,,,1,,,,,,,,,,,,,,,13,,,,,,,1,4,7,7,7,5,7,3,7,5,7,7,5,7,,,1,3,3,7,2,7,1,7,7,1,1,,,,,,1,,,,,1,,,,2,11,????? ????,3,1,,1
R_zdJVpDRZmsFS13P,Default Response Set,08-12-15 18:49,08-12-15 18:58,1,2,1,3,2003,4,2,4,12,12,3,2,6,5,12,12,5,5,12,6,6,0,8,2,1965,1,,1,6,6,7,7,6,6,6,7,3,7,7,7,,1,1,,,,,,,,1,,,,,,,,,,,,13,,,,,,1,6,7,7,7,7,7,7,7,6,7,6,6,7,,,2,5,7,1,1,7,7,5,7,1,,1,,,,,,1,,,,,1,,,5,,,3,1,,2
R_OO1ZuDFIF2AVkat,Default Response Set,08-12-15 18:42,08-12-15 19:00,1,4,1,2,1990,4,2,3,2,2,2,12,3,4,12,12,2,5,12,5,5,7,2,2,1968,1,,1,3,4,4,3,4,5,5,5,3,7,7,,,,,,,1,,,,,,,,,,,,13,13,,,,,,,,,,1,5,6,6,6,7,7,7,7,7,6,7,6,7,,,3,1,4,2,2,4,3,4,7,2,,1,,,,,,1,,,,1,,,,1,2,,3,1,,3
R_2rDd5l61NgyXPhY,Default Response Set,08-12-15 18:54,08-12-15 19:04,1,4,1,2,2014,2,1,4,3,3,4,5,3,3,2,3,1,3,3,6,5,1,6,2,1991,1,,1,3,3,6,4,6,7,7,5,1,5,7,7,,,,,,,,,,,1,,,,,13,,,,,,,,,,,,,1,2,2,2,2,1,1,1,7,1,1,1,1,4,7,,1,2,2,7,2,7,4,7,5,3,1,,,,,,1,,,,,,,1,???? ???? ,1,2,,1,2,,2
R_XSVG3bEH7c9kiqd,Default Response Set,08-12-15 19:04,08-12-15 19:13,1,1,1,3,2013,3,1,4,12,12,2,1,6,12,2,12,5,5,12,5,6,9,10,1,1974,1,,1,7,6,6,6,7,6,6,7,6,6,7,7,,,,1,,,,,1,,,,,,,13,,,,,,,,,,,,,1,6,6,7,6,5,5,6,7,4,6,6,6,7,,,2,2,5,4,2,7,3,7,7,5,,1,,,,,1,,,,,1,,,,1,2,,1,1,,3
R_cVljrwuDsAAOE49,Default Response Set,08-12-15 19:02,08-12-15 19:17,1,2,1,4,2007,2,1,4,5,2,4,3,6,6,5,3,4,6,4,6,6,1,8,2,1964,1,,1,6,,,,,,7,,,7,7,,,1,,,,,,,,,,,,,,,,,,,,,,,,,,,1,,,,,,,,,,,,,,,,2,2,2,6,2,6,7,6,7,7,1,,,,,1,,,,,1,,,,,1,2,,3,1,,2
R_115v8m8lrhji6ya,Default Response Set,08-12-15 20:51,08-12-15 21:00,1,4,1,4,2005,2,1,4,1,2,2,2,5,4,3,2,12,6,3,3,4,6,5,2,1980,3,,2,3,3,3,3,7,3,4,4,1,4,6,,,,,,1,,,,,,,,,,,,,13,13,,,,,,,,,,1,6,6,6,6,6,6,6,6,6,6,1,1,1,,,3,3,3,3,4,7,7,6,7,5,1,,,,,,,,1,????? ??? ???? ?????? ??????? ,,,1,,,1,7,,3,1,,1
R_27exrRcOptExZ7S,Default Response Set,08-12-15 21:00,08-12-15 21:11,1,3,1,4,2004,3,1,1,3,4,4,4,5,3,4,3,2,2,4,4,3,7,5,2,1966,1,,1,3,3,4,3,5,4,6,6,4,5,7,7,,,,1,,1,,,,,,,,,,,,,,,,13,,,,,,,1,6,5,6,3,7,6,6,6,6,6,5,6,5,7,,4,3,3,3,4,3,3,5,6,6,1,,,,,,1,,,,,1,,,,4,5,,1,1,,1
R_2166XxKZNlnpkfy,Default Response Set,08-12-15 21:25,08-12-15 21:32,1,1,1,4,2007,4,2,4,12,12,2,12,6,5,12,12,3,6,1,6,5,1,10,2,1980,1,,1,6,5,7,7,6,6,7,5,4,7,7,,,,,,,,,,,,1,,,,,,,,13,,,,,,,,,,1,5,7,6,4,6,7,3,6,4,5,4,3,4,,,2,1,1,6,2,5,6,6,7,2,,1,,,,,,,1,?????? ????? ??????? ??,,,1,,,1,4,,1,1,,1
R_31aW42jnLcIqf6F,Default Response Set,08-12-15 21:38,08-12-15 21:45,1,2,1,3,1998,4,2,1,3,3,4,2,5,3,12,2,12,5,2,6,6,1,10,2,1974,1,,1,6,6,6,5,6,4,4,3,4,6,7,,,1,,,,,,,,,,,,,,,,,,,,,,,,,,,1,4,4,6,6,6,6,4,6,6,6,6,6,7,,,2,1,2,4,2,2,2,6,6,2,1,,,,,,1,,,,,1,,,,5,9,,1,1,,3
R_PB8ZQ7lGQma4be1,Default Response Set,08-12-15 21:58,08-12-15 22:06,1,1,1,4,2000,2,1,1,2,2,3,2,4,4,2,12,4,4,2,5,5,4,7,2,1979,3,,1,6,6,7,7,6,5,7,7,6,7,7,,,1,,,,,,,,,,,,,,,,,,,,,,,,,13,?? ??????,1,5,5,6,7,7,7,7,7,7,7,7,7,7,,,2,2,4,6,4,6,7,4,7,2,1,,,,,,,1,,,,1,,,,1,8,,1,1,,1
R_3JDFKeOblpiptib,Default Response Set,08-12-15 22:00,08-12-15 22:12,1,4,1,3,,4,2,4,4,2,5,5,3,3,3,5,12,1,5,4,5,5,7,2,,3,,2,7,5,7,7,4,5,7,4,4,7,7,7,,1,1,1,1,,,,,,,1,1,,,,,,13,,,,,,,,13,,1,5,6,6,2,6,7,6,6,6,6,6,1,1,,,4,1,4,7,4,1,7,1,7,4,,1,,,,,,1,,,,,1,,,1,3,,1,1,,1
R_9YlUojggtYJSFQR,Default Response Set,08-12-15 22:25,08-12-15 22:36,1,1,1,4,2000,4,2,4,3,3,3,2,2,2,4,12,2,3,3,5,3,4,2,1,1976,1,,1,4,6,6,4,6,4,6,5,4,5,7,7,,,,1,,,1,,,,,1,,1,,,,13,13,,,,13,,,,,,1,2,6,6,4,5,3,6,6,6,4,3,2,1,7,,4,1,2,3,1,1,4,1,2,1,1,,,,,,1,,,,,1,,,,1,4,,1,5,,1
R_1DSy5LWxrBypXV0,Default Response Set,08-12-15 22:39,08-12-15 22:45,1,4,1,3,2015,1,1,1,12,12,12,1,5,6,12,12,5,6,12,6,6,0,9,2,1989,3,,1,6,7,7,7,7,7,7,7,5,7,7,7,,1,,,,,,,,,,,,,,13,,,,,,,,,,,,,1,6,7,7,3,1,2,2,7,3,7,7,6,7,,,2,2,2,7,2,7,7,7,7,1,,1,,,,,,1,,,,,1,,,1,4,,1,1,,1
R_yx3ko9eoJjp3uuZ,Default Response Set,08-12-15 22:31,08-12-15 22:48,1,2,1,3,2007,4,1,1,12,1,12,12,5,5,12,2,4,6,12,5,5,2,7,2,1983,3,,1,6,6,7,7,6,6,6,6,6,7,7,,,,,,,,1,,,,,,,,,,,,13,,,13,,,,,,,1,3,7,5,6,7,7,5,7,6,7,3,3,3,2,???? ???? ????? ??????? ???? ????? ?????,2,2,2,3,1,7,7,7,7,2,,1,,1,???? ????? ??? ???? ?????,,,1,1,"????? ??????? ????, ????? ?? ????? ??????",,,,1,?? ???? ?????? ?????? ???????? ??????? ????? ??????,1,9,,1,1,,1
R_s83wcBdl7of7NPX,Default Response Set,08-12-15 21:02,08-12-15 22:56,1,4,1,4,2011,3,2,4,2,2,5,4,12,2,3,3,2,3,2,12,12,9,3,2,1987,1,,2,2,2,2,4,7,6,3,7,3,6,7,,,,,1,1,,,,1,,1,,,,,,,,,13,,,,13,,,,,1,1,3,2,6,5,4,1,7,6,7,5,1,1,,,1,1,3,1,2,7,7,3,7,1,,,,1,???? ???? ?????,,,,1,?????? ????? ?????,,,1,,,5,11,???? ?????,3,3,,2
R_1NaY61k0pQlzJbX,Default Response Set,08-12-15 22:53,08-12-15 22:59,1,1,1,4,2011,3,1,4,1,1,1,1,3,6,1,6,6,6,1,6,6,0,5,2,1983,3,,2,1,1,7,7,1,7,1,1,1,7,7,,,,1,1,,,,,,1,1,,,,,,,,13,13,,,,,,13,,,1,1,1,1,4,1,7,1,7,7,7,1,1,1,,,5,1,1,3,4,1,1,1,7,1,1,,,,,,1,,,,1,,,,,1,3,,3,1,,1
R_3HkyJkq3y51jQ7D,Default Response Set,08-12-15 23:18,08-12-15 23:28,1,2,1,2,2005,4,2,1,4,5,5,4,4,4,4,4,2,3,4,5,5,7,3,2,77,1,,2,4,4,5,3,3,5,5,6,1,6,7,7,,,,,,,,,,,1,,,,,,,,13,13,,,,,,,,,1,6,7,6,5,7,6,7,5,7,6,3,3,2,,,6,2,6,3,3,5,6,6,6,5,1,,,,,,1,,,,,1,,,,1,7,,2,1,,3
R_2rVhCMROnOL1ha6,Default Response Set,08-12-15 23:32,08-12-15 23:40,1,3,1,3,2013,3,2,4,3,3,3,3,3,4,4,5,5,3,4,5,2,3,7,2,1990,1,,1,3,3,3,4,6,5,5,4,2,4,7,,,,,,,,,,1,,,,,,,,,,,13,,,,,,,,,1,5,5,7,,7,7,4,7,4,5,6,6,5,,,4,3,3,2,5,7,3,7,7,5,,,,1,?? ???????(?? ???? ???????..),,,,1,???? ??? ????? ?????,,1,,,,1,3,,3,1,,3
R_30pmN6ffeGA7isZ,Default Response Set,08-12-15 23:26,08-12-15 23:45,1,3,1,4,1996,3,2,1,2,12,3,2,5,5,3,2,4,5,2,5,5,3,9,2,1967,3,,1,4,5,6,6,5,6,7,5,6,7,7,7,,,,,1,,,,,,,1,1,,,13,,,,13,,13,,,,,,,1,4,6,6,4,4,2,3,4,4,5,5,5,6,7,,5,2,5,2,4,2,6,6,6,3,1,,,,,,1,,,,,1,,,,1,9,,1,1,,1
R_2zHYaaUGb3rsoQn,Default Response Set,08-12-15 23:44,08-12-15 23:54,1,1,1,2,2006,4,2,4,2,1,12,2,6,2,3,3,3,6,3,6,6,0,8,2,1983,3,,1,7,7,7,7,7,6,7,6,6,7,7,7,,,,,,,,,,,1,,,,,,,,,,,13,,,,,,,1,5,6,7,4,4,5,4,6,6,6,6,6,7,7,,6,5,5,6,6,7,7,7,7,3,,1,,,,,,1,,,,,1,,,1,3,,1,1,,2
R_117WteghPBkMOYr,Default Response Set,09-12-15 0:37,09-12-15 0:45,1,2,1,3,,1,2,2,3,4,5,4,12,4,4,4,6,5,5,5,4,5,5,1,1992,1,,2,4,4,7,7,7,7,3,7,7,7,7,7,,1,1,,,,,,1,,,,,,,13,,,,,,,,,,13,,,1,5,7,6,4,4,1,3,6,5,4,4,4,2,7,,3,2,6,1,6,6,7,4,7,5,1,,,,,,1,,,,1,,,,,1,10,,1,2,,3
R_1Ovr5xzAC5uJ7BD,Default Response Set,09-12-15 1:47,09-12-15 2:04,1,3,1,3,2015,1,1,4,12,12,12,1,4,4,12,3,5,6,1,5,5,0,8,1,1990,1,,2,5,6,7,7,6,6,6,7,4,6,7,7,,1,,,,,,,,,,,,1,,13,,,13,,,,,,,,13,,1,4,6,6,3,6,6,4,7,6,5,5,3,5,7,,2,5,3,6,2,5,6,5,7,2,,1,,,,,,1,,,,,1,,,1,1,,1,2,,1
R_2CKEYx0LMcdPX4H,Default Response Set,09-12-15 2:03,09-12-15 2:09,1,4,1,,,,,,,,,,,,,,,,,,,,,,,,,,,,,,,,,,,,,,,,,,,,,,,,,,,,,,,,,,,,,,,,,,1,,,,,,,,,,,,,,,,,,,,,,,,,,,,,,,,,,,,,,,,,,,,,,,
R_2YE86L9pJ9vb2oe,Default Response Set,08-12-15 21:42,09-12-15 2:28,1,2,1,3,2009,4,2,4,2,2,2,1,6,5,12,1,6,6,1,6,6,1,8,2,1983,3,,1,6,7,7,7,7,7,7,7,6,7,7,7,,1,,,,,,,,,,,,,,,,,,,,,,,,,,,1,6,7,7,5,2,3,3,6,3,6,4,7,7,7,,1,4,7,1,4,7,7,7,7,,,,,,,,,,,,,,,,,1,11,?????,1,1,,1
R_2CD3CSPQYNZycjU,Default Response Set,09-12-15 5:59,09-12-15 6:09,1,4,1,4,2006,4,1,1,1,1,1,1,6,6,1,1,3,6,1,6,6,0,10,2,1982,3,,2,6,7,7,7,7,7,7,7,7,7,7,7,,1,1,,,,,,,,,,,,,,,,,,,13,,,,,,,1,4,7,7,4,5,7,5,6,6,7,5,5,5,,,4,1,1,7,4,7,7,7,7,5,,,,1,????? ??? ?? ???? ????? ????,,,,1,?? ?????? ?????? ????,,,,1,?? ???? ??,5,11,????? ???? ????,1,1,,1
R_1P8bWGxCbsMDhB5,Default Response Set,09-12-15 7:24,09-12-15 7:36,1,3,1,2,2014,1,2,1,12,12,12,12,5,5,2,12,5,6,12,4,4,0,0,2,1992,1,,1,4,3,3,3,5,5,3,6,2,7,7,,,,,,,,,,1,,,,,,,,,,13,13,,13,,,,,,,1,4,4,4,7,7,4,5,6,6,2,2,2,3,,,4,4,3,6,5,7,5,4,4,4,,1,,,,,,1,,,1,,,,,1,4,,1,1,,3
R_2Xjne61KE2Vj9pz,Default Response Set,09-12-15 7:40,09-12-15 7:51,1,4,1,3,1978,4,2,4,3,3,4,3,4,3,4,3,5,4,2,5,5,1,5,2,1957,1,,1,5,6,7,7,6,6,7,7,6,7,7,7,,1,,,,,,,,,,,,,,,,,,,,,,,,,,,1,5,6,6,7,4,7,5,5,7,7,3,3,7,7,,5,3,7,6,4,7,7,7,7,3,1,,,,,1,,,,,1,,,,,1,7,,1,1,,1
R_1r9bSvhhCIWA94i,Default Response Set,09-12-15 8:04,09-12-15 8:10,1,3,1,3,2015,1,1,4,12,12,2,12,6,6,12,4,5,5,12,5,5,0,8,2,1991,1,,1,7,7,7,7,7,7,7,7,7,7,7,7,,1,,,,,,,,,,,,,,13,,,,,,,,,,,13,,1,5,5,6,5,6,3,7,7,7,7,7,7,7,7,,6,1,6,7,4,4,7,5,7,7,,1,,,,,,1,,,1,,,,,1,8,,1,1,,3
R_DdSWuWUNhnHzsCR,Default Response Set,09-12-15 12:08,09-12-15 12:13,1,1,1,3,2014,1,1,4,2,1,12,2,5,3,12,12,2,6,2,6,5,1,8,1,1982,1,,1,6,5,4,3,7,6,6,7,6,7,7,,,,,1,1,1,,,1,,,,,,,,,13,13,,,13,,,,13,,,1,5,5,5,6,5,3,4,7,6,6,5,6,7,,,3,2,4,6,5,7,7,4,7,2,1,1,,,,,1,1,,,1,,,,,1,4,,1,1,,3
R_3nUjRYkA3W1q3Am,Default Response Set,09-12-15 12:35,09-12-15 12:44,1,4,1,2,1976,4,2,3,12,12,12,12,6,6,12,12,3,5,12,6,6,10,0,2,1955,1,,1,7,7,7,7,7,7,7,6,6,7,7,7,,1,,,,,,,,,,,,,,,,,,,,,,,,,,,1,7,7,7,7,7,7,7,6,7,7,7,6,7,7,,1,6,1,7,1,7,7,7,7,,,1,,,,1,,,,,1,,,,,1,2,,1,1,,3
R_1pSFKfTJTu0NEvs,Default Response Set,09-12-15 16:24,09-12-15 16:33,1,1,1,4,1982,4,2,4,12,2,2,12,5,5,12,12,3,5,12,5,5,8,2,2,1961,1,,1,6,6,5,6,6,4,6,5,6,6,6,,,1,,,,,,,,,,,,,,,,,,,,,,,,,,,1,6,6,6,6,4,6,5,7,7,7,7,7,7,,,1,1,7,7,1,7,7,7,7,1,,1,,,,,,,1,,1,,,,,1,11,??? ????,1,1,,1
R_AcGkAX8Y3ol0vjH,Default Response Set,09-12-15 17:05,09-12-15 17:17,1,3,1,3,2014,2,1,4,2,12,4,3,4,4,4,12,4,4,2,5,5,3,6,2,1987,3,,2,5,4,7,6,6,6,6,6,2,7,7,,,,,,,,,,1,,,,,1,,,,,,13,,,,,,,13,????? ?? ???? ????? ?? ??? ???? ??? ???? ??? ?????? ???? ???? ????,1,6,6,7,6,6,7,7,7,6,6,3,4,6,,,4,2,2,5,4,6,4,5,4,6,1,,,,,,1,,1,????? ???? ?????? ??? ?????,1,1,,,,1,1,,1,4,,3
R_3ElMfKE71NkuIKE,Default Response Set,09-12-15 18:30,09-12-15 18:40,1,2,1,4,2014,1,2,1,12,12,2,12,6,6,12,12,12,6,2,6,6,1,9,2,1990,1,,1,3,6,6,3,3,6,6,6,2,6,1,1,,,,,,,,,,,,,1,,,13,,,13,13,,13,,,,,,,1,2,2,6,2,7,2,2,7,7,6,2,7,2,,,7,1,1,2,3,2,7,7,3,6,,1,,,,,,1,,,1,,,,,5,,,1,1,,3
R_RPlPxWrYzNhXDfX,Default Response Set,09-12-15 19:15,09-12-15 19:22,1,3,1,4,1974,4,1,1,3,3,4,3,5,3,2,3,3,3,3,5,5,5,2,2,1953,1,,1,4,3,4,5,4,3,4,5,2,5,7,,,,,,,1,,,,,,,,,,,,,13,,,13,,,,,,,1,3,6,3,3,3,3,3,6,3,4,3,,3,,,2,4,5,6,2,3,5,2,6,2,1,,,,,1,,,,,1,,,,,1,10,,1,1,,1
R_eXOBmHHYnNcsEG5,Default Response Set,09-12-15 21:25,09-12-15 21:33,1,1,1,3,1990,4,1,1,12,12,12,1,6,2,12,12,6,6,12,6,6,0,9,2,1964,1,,1,7,6,7,5,7,4,6,4,4,7,7,7,,,,,,1,,,1,,,,,1,,,,,,,,13,,13,,,13,,1,5,7,7,7,7,7,7,7,7,7,7,6,6,,,1,1,2,7,1,7,7,7,7,1,,1,,,,,,,1,,,,,1,,1,2,,1,1,,1
R_sHZgzFj5XvGSnf3,Default Response Set,09-12-15 23:10,09-12-15 23:25,1,2,1,4,1988,4,1,1,12,12,2,12,6,6,12,12,3,6,12,6,12,2,8,2,1962,7,????,1,6,6,6,5,6,6,6,5,6,7,7,4,?????? ??????,,,,1,1,,,,,,,,,,,,,13,13,,,,,,,,,1,5,6,6,7,,6,5,7,6,7,7,6,6,,,4,5,6,6,4,5,6,7,6,6,,1,,,,,,1,,,,,1,,,5,11,????,1,1,,1
R_25z8AmKkgdOERLb,Default Response Set,09-12-15 23:58,10-12-15 0:06,1,2,1,2,2014,1,2,4,3,2,3,12,6,5,3,3,3,6,2,6,6,1,9,2,1986,1,,1,7,6,7,7,7,5,7,6,6,7,7,7,,,,,,,,,,,1,,,,,,,,,,,13,,,,,,,1,6,7,7,6,7,7,1,7,4,7,6,6,7,,,1,7,7,7,1,7,7,7,7,1,,1,,,,,,1,,,,,1,,,1,11,??????,1,4,????????,
R_1H7TNtzswOx6WCM,Default Response Set,10-12-15 5:52,10-12-15 6:08,1,1,1,2,2013,3,2,4,3,2,3,3,5,2,5,3,12,2,3,3,2,8,1,2,1987,3,,1,4,4,5,5,7,7,3,7,1,3,2,6,?????? ??????? ??? ?????,,,1,1,,,,1,,1,,1,1,,13,13,13,13,13,,,,,,,,,1,1,4,2,3,5,6,3,3,2,2,2,2,1,,,4,1,1,1,2,5,7,7,6,2,1,,,,,,,1,1,?????? ????? ?? ????,1,,,,,1,1,,3,1,,1
R_2e9krPSmynG3vhy,Default Response Set,19-12-15 14:43,19-12-15 14:54,1,3,1,4,1971,4,1,1,3,3,3,2,3,3,3,12,12,2,3,3,2,5,5,2,1952,7,,1,2,4,3,2,2,2,2,2,2,7,7,4,,,1,1,1,1,1,1,1,,1,,,1,,,,,13,13,,13,13,13,,,,,1,3,5,6,6,,6,6,7,5,7,6,,6,6,??? ,4,2,4,7,1,6,6,2,5,2,,1,,1,????? ??????,,1,,1,?????? ??????,,,1,1,?? ???? ,2,,,1,1,,2
R_cMermXd3BEjzk0Z,Default Response Set,23-12-15 2:37,23-12-15 2:51,1,2,1,3,1988,4,2,3,1,1,12,1,5,4,12,1,6,6,1,4,3,4,8,2,1966,2,,2,2,1,1,1,6,6,1,1,1,7,7,,,,,,1,,,,,,,,,,,13,,,,,,,,,,,,,1,3,6,7,7,7,6,1,7,4,4,4,4,7,,,6,1,3,7,5,5,2,7,1,7,1,,,,,,,1,,,1,,,,,1,4,,1,1,,4
R_2uGYBCmO1aaR7hP,Default Response Set,23-12-15 3:14,23-12-15 3:22,1,4,1,2,2014,3,1,3,4,2,2,2,2,3,3,3,1,2,12,4,2,3,7,1,1990,1,,1,6,7,7,7,7,7,7,7,4,7,7,7,,1,,,,,,,,,,,,,,13,,,,,,,,,,,,,1,3,7,5,7,6,7,4,7,7,7,7,7,7,7,,2,6,6,7,5,7,7,7,7,2,1,,,,,,,1,,,1,,,,,1,4,,1,2,,2
R_1oj4nZYvzSQP9bU,Default Response Set,24-12-15 0:15,24-12-15 0:32,1,1,1,3,1993,4,2,4,2,2,3,2,6,3,2,2,3,4,12,5,5,2,8,2,72,1,,1,6,6,6,5,6,6,5,6,7,7,7,7,,,,1,1,,,,,,,,,,,,,,13,13,,,,,,,,,1,6,5,7,5,7,7,5,7,6,6,5,6,7,7,,4,1,6,3,4,7,6,7,6,4,,1,,,,,,1,,,1,,,,,1,3,,1,1,,2
R_3ydIyUMcsKRx23r,Default Response Set,24-12-15 17:54,24-12-15 20:10,1,2,1,3,2015,1,2,4,12,12,12,12,6,6,12,12,6,6,12,6,6,0,10,2,1988,1,,1,7,7,7,6,6,7,7,7,7,7,7,,,1,,,,,,,,,,,,,,,,,,,,,,,,,,,1,6,6,7,6,7,6,7,7,6,7,7,7,7,,,2,2,7,7,3,7,7,7,7,1,1,,,,,1,,,,,1,,,,,1,4,,2,1,,1
R_1Rms0Naq5UGOqYh,Default Response Set,28-12-15 13:14,28-12-15 13:33,1,3,1,,,,,,,,,,,,,,,,,,,,,,,,,,,,,,,,,,,,,,,,,,,,,,,,,,,,,,,,,,,,,,,,,,1,,,,,,,,,,,,,,,,,,,,,,,,,,,,,,,,,,,,,,,,,,,,,,,
R_tJpiiFQAjIWcFK9,Default Response Set,29-12-15 17:24,29-12-15 17:31,1,4,1,3,2013,2,1,2,2,12,3,2,4,3,5,4,4,3,12,4,3,5,8,2,1986,3,,1,2,2,5,5,5,5,3,4,1,5,7,7,,,,,,,,,1,,,,,,,13,13,,,,13,13,13,13,13,13,13,?? ?????? ????,1,2,4,7,5,4,4,3,7,2,7,1,1,1,,,7,1,2,4,2,7,7,4,5,4,1,1,,,,1,1,,,,1,,,,,1,3,,1,1,,1
R_SUKQEd3tWOEQdqN,Default Response Set,29-12-15 17:26,29-12-15 17:33,1,1,1,2,2014,1,1,4,4,2,4,12,5,5,2,12,3,12,2,6,5,0,4,1,1993,1,,2,6,5,6,5,3,3,4,3,2,4,7,,,,,,,,1,,,,,,,,,13,,,,,,,,,,,,,1,3,4,3,2,2,6,2,4,4,5,2,2,4,,,1,3,4,5,3,3,7,3,6,2,1,,,,,,,1,,,,,1,,,2,11,,2,2,,2
R_s7P4zjQvZy5ujlf,Default Response Set,29-12-15 17:33,29-12-15 17:42,1,3,1,4,2008,4,2,1,2,2,3,1,6,6,12,3,12,4,12,6,6,1,9,2,1982,7,?????,1,3,7,6,6,3,3,6,7,5,7,7,7,,,,,1,1,1,,1,,1,,,,,13,,,13,13,,13,13,,,,,,1,7,7,7,3,7,4,7,7,7,7,7,2,4,,,2,1,2,4,1,7,7,5,6,4,1,1,,,,,,1,,,,,1,,,5,11,???? ?????? ?????? ???? ???,1,1,,2
R_2wawbpB0OiwBPnQ,Default Response Set,29-12-15 17:42,29-12-15 17:46,1,1,1,4,2011,4,1,1,2,3,3,12,4,3,2,3,4,4,3,4,2,9,1,2,1986,3,,1,3,3,2,2,6,4,3,3,2,5,7,7,,,,,,,,,1,,,,,,,,,13,,,,,,,,,,,1,1,3,1,3,7,2,2,6,5,1,1,2,7,7,,3,2,4,7,3,7,6,2,5,4,1,,,,,,,1,,,1,1,,,,1,1,,1,5,,1
R_2WYAfn3atUWsiJW,Default Response Set,29-12-15 17:39,29-12-15 17:56,1,2,1,3,2014,2,1,4,12,3,2,2,5,3,3,5,3,5,2,5,5,1,9,2,1981,3,,1,4,5,6,4,6,4,5,5,3,7,7,7,,,,,,,,,1,,,,,,,13,,,13,,,,,,,,,,1,6,7,7,7,4,6,3,5,7,7,7,7,7,7,,3,1,2,5,4,7,6,5,6,5,,1,,,,,1,,,,,1,,,,1,7,,1,1,,1
R_ZEveVucN8fny8db,Default Response Set,29-12-15 17:40,29-12-15 17:59,1,2,1,4,2008,4,2,4,12,1,2,2,5,4,3,2,1,5,3,5,4,3,9,2,1983,3,,2,6,5,3,5,6,4,6,7,4,7,6,,,,,,1,,1,1,,,,,,,,,,13,13,,,,13,,,,,,1,5,7,7,5,3,7,3,4,7,6,6,5,7,7,,1,3,1,5,3,1,7,3,6,1,,1,,,,,1,,,,,1,,,,1,1,,1,1,,1
R_1FKGdom44yBeLkb,Default Response Set,29-12-15 18:09,29-12-15 18:15,1,3,1,4,2009,4,2,4,12,12,12,12,6,4,2,1,5,5,1,6,6,0,10,2,1983,1,,1,7,7,7,7,7,7,7,7,6,7,7,7,,1,,,,,,,,,,,,,,,,,,,,,,,,,13,?? ???? ??? ???,1,7,7,7,5,4,3,5,6,6,7,6,6,7,,,2,1,5,6,3,7,7,1,7,1,,1,,,,,,1,,,1,,,,,4,11,????,1,1,,1
R_22CWY9HepxCKlAz,Default Response Set,29-12-15 18:08,29-12-15 18:15,1,2,1,3,2014,2,1,4,12,12,12,2,5,5,3,12,4,6,12,6,5,1,9,2,1990,1,,2,4,3,6,4,7,6,7,5,2,6,7,,,,,,,1,,,,,1,,,,,,,13,13,13,,13,13,,,,,,1,4,5,5,2,2,1,4,7,4,5,6,6,5,,,1,1,1,2,1,5,7,5,7,1,,1,,,,,,,1,???? ????????? .. ?????? ??????? ??????? ?? ????? ??????,,,1,,,1,7,,1,5,,2
R_21hSEexrDhv0U7x,Default Response Set,29-12-15 18:07,29-12-15 18:16,1,4,1,3,2010,4,1,4,12,12,2,12,5,6,12,2,4,5,12,5,6,9,9,1,1987,1,,2,5,6,7,5,5,5,6,6,5,7,7,,,1,1,,,,1,,,,,,,,,13,,13,,,,,,,,,,,1,3,6,5,3,,6,6,7,6,6,2,4,6,,,2,2,6,3,2,6,6,5,6,1,,1,,,,,,1,,,,,1,,,1,1,,1,2,,2
R_1pokVdS2C1i4VWN,Default Response Set,29-12-15 18:42,29-12-15 18:47,1,2,1,3,2010,4,1,4,12,3,12,12,5,4,5,2,5,5,2,6,3,1,8,2,1985,1,,1,6,7,7,6,7,3,7,7,5,7,7,,,,,,1,1,,1,,,,,,,,,,,13,13,,,,,,,,,1,5,7,7,7,7,4,3,7,7,7,3,3,7,,,6,1,3,6,4,7,5,7,7,5,,1,,,,1,,,,,1,,,,,1,3,,1,1,,3
R_12rPDYHctd8Ctdg,Default Response Set,29-12-15 18:43,29-12-15 18:50,1,4,1,4,2004,4,2,4,12,12,12,12,3,2,3,2,12,3,3,3,2,7,6,2,1979,1,,1,2,3,7,4,6,3,3,3,3,2,3,,,,,,,,,,,,1,1,1,,,,,,13,13,,13,,13,,13,,,1,2,4,3,1,3,4,5,7,3,2,1,1,1,,,3,2,4,2,2,7,4,4,2,2,,1,,,,,1,,,,1,,,,,1,1,,1,1,,3
R_0jNbfDK6C10pRRf,Default Response Set,29-12-15 18:43,29-12-15 18:52,1,1,1,3,2010,1,1,4,2,2,2,12,5,4,2,1,2,5,2,6,6,1,8,2,1988,1,,1,6,6,7,5,6,7,5,7,2,7,6,,,,,,,,1,,,,,,1,,,,,,,,,13,,,,,,,1,4,7,7,6,5,6,5,6,6,7,5,5,4,,,2,3,6,6,5,7,7,6,7,1,1,,,,,1,,,,,1,,,,,1,2,,1,1,,3
R_Xken9zkutfXgzOp,Default Response Set,29-12-15 18:45,29-12-15 18:53,1,3,1,3,2007,4,1,4,3,4,3,2,4,12,6,3,3,12,4,12,12,10,5,2,1982,1,,1,6,1,7,3,7,2,2,2,2,7,7,,,1,1,,,,,1,1,1,1,1,,,,,,,13,13,,13,13,,,13,,,1,3,2,3,1,1,3,3,6,3,7,3,3,1,,,1,1,1,4,2,4,3,3,5,2,1,,,,,,1,,,,,1,,,,1,7,,1,1,,1
R_2rGfUCJjz9gF8pw,Default Response Set,29-12-15 19:15,29-12-15 19:23,1,4,1,4,2011,4,2,4,12,12,2,12,5,4,12,12,2,5,12,4,5,3,8,1,1984,1,,1,5,4,7,6,6,4,6,5,5,7,7,,,1,,,,,,,,,,,,,,13,,,,,,,,,,,,,1,3,4,2,2,1,1,2,3,1,1,1,1,6,,,2,2,4,3,3,7,3,2,7,6,,1,,,,,,1,,,,,1,,,1,1,,1,1,,1
R_25Nkookmmg1hoPy,Default Response Set,29-12-15 19:22,29-12-15 19:28,1,2,1,3,2010,3,2,1,1,1,1,1,6,6,1,1,12,6,1,6,6,0,10,2,1985,1,,1,7,7,7,7,7,7,7,7,7,7,7,7,,,,,,,,,,,,,,,,,,,,,,,,,,,,,1,5,7,7,7,7,7,7,7,7,7,6,6,1,,,5,3,3,5,2,7,3,7,7,5,,1,,,,,,1,,,,1,,,,5,3,,1,1,,3
R_3NK67GA0ymY0PGW,Default Response Set,29-12-15 19:28,29-12-15 19:36,1,1,1,3,2002,4,2,1,12,12,12,12,5,5,12,12,4,5,12,5,5,1,8,2,1981,1,,1,6,4,6,6,6,6,4,6,3,7,7,,,,,,,,,,1,,1,,,,,,,,13,13,,,,,,,,,1,4,6,5,7,6,7,2,6,7,7,4,2,6,,,4,1,3,6,2,6,2,6,6,6,1,,,,,,1,,,,1,,,,,3,11,????? ????????,1,1,,1
R_2c139NWu6EtFKCp,Default Response Set,29-12-15 19:45,29-12-15 19:52,1,1,1,3,2009,4,2,4,12,1,1,1,6,5,12,12,3,6,12,5,5,1,9,2,1979,1,,1,7,1,7,1,7,7,4,7,4,7,7,7,,,,1,,,,,,,,,,,,13,,,,,,,,,,,,,1,4,7,4,4,4,2,5,5,3,7,6,6,7,,,3,1,2,1,3,7,7,7,7,6,,1,,,,,1,,,,1,,,,,1,11,???????-???????,1,1,,1
R_3KNF1EyJGmsTUIR,Default Response Set,29-12-15 19:56,29-12-15 20:02,1,3,1,4,1983,4,1,1,3,3,3,3,5,5,3,3,5,5,4,5,5,0,0,2,1962,1,,1,4,5,7,4,7,4,7,7,5,7,7,7,,1,1,,,1,,,,,1,,,,,,,,,,,13,,13,,,,,1,6,6,6,6,6,6,6,6,4,6,6,6,6,,,3,4,4,7,4,7,4,5,7,7,,1,,,,,,1,,,,,1,,,1,6,,1,1,,1
R_1C4nrBBQTB39GdD,Default Response Set,29-12-15 20:03,29-12-15 20:21,1,2,1,4,1992,3,1,4,12,2,2,12,5,3,2,2,12,6,12,5,4,1,9,2,1981,3,,1,4,4,4,4,4,3,4,4,3,6,7,7,,,,1,,,,,,,,,,,,13,,,13,13,,,,,,,,,1,4,6,5,5,5,4,4,5,3,5,4,4,3,7,,4,4,3,3,2,5,5,3,5,4,1,,,,,,1,,,,1,,,,,5,11,,1,1,,1
R_3ipZFgkLNhjev4g,Default Response Set,29-12-15 20:17,29-12-15 20:24,1,3,1,4,2008,4,2,4,12,12,3,2,3,2,2,2,12,3,12,3,3,6,3,2,1983,1,,1,2,2,5,5,3,5,5,3,2,5,2,,,,,,,,,,,,1,,,,,13,,,,,,,,,,,,,1,4,6,3,3,3,4,6,6,7,6,6,3,3,,,5,2,3,6,3,6,6,6,6,3,1,,,,,,1,,,,1,,,,,1,4,,1,1,,1
R_pMFXjcFjedqt3K9,Default Response Set,29-12-15 20:19,29-12-15 20:25,1,2,1,3,2014,2,2,4,12,12,3,2,4,5,2,3,12,5,3,5,5,2,8,2,1987,1,,1,3,3,6,4,7,4,5,6,6,7,7,,,,,,1,,,,,,,,,,,13,,,,,,,,,,,,,1,4,7,7,6,6,7,5,7,7,6,4,5,6,,,4,2,6,5,4,7,6,7,7,6,1,,,,,,,1,,,1,,,,,1,7,,1,1,,1
R_rcmH7YMuLnaeQyR,Default Response Set,29-12-15 20:15,29-12-15 20:31,1,4,1,3,2013,3,2,4,3,4,3,3,5,4,2,4,2,2,4,5,2,1,8,2,1969,1,,1,3,2,3,3,5,2,2,5,2,7,7,7,,,,1,,,,,1,,1,,,,,13,,,,,,,,,,,,,1,7,6,7,2,2,5,2,7,6,2,5,5,2,,,5,1,6,6,1,7,3,7,6,7,,,,1,?????? ??? ?????,,1,,,,,1,,,,1,2,,1,1,,3
R_3JlV4j7MuVI8GLH,Default Response Set,29-12-15 20:29,29-12-15 20:37,1,1,1,3,2012,3,2,4,2,12,3,3,5,4,2,12,3,5,12,6,6,1,10,2,1987,1,,1,7,7,7,7,7,7,7,7,7,7,7,7,,1,,,,,,,,,,,,,,,,,,,,13,,,,,,,1,7,7,7,7,7,7,4,7,7,7,7,7,7,,,1,1,4,6,3,7,7,4,7,1,,1,,,,,,1,,,,,1,,,1,2,,3,1,,3
R_2SxL0xoQkQMyife,Default Response Set,29-12-15 20:41,29-12-15 20:50,1,2,1,3,2008,1,2,1,2,4,2,2,5,5,3,4,12,3,3,4,4,2,8,2,1981,1,,1,6,6,7,7,6,5,6,7,4,7,7,,,,1,,,,,,,,,,,,,13,,,13,13,,,,,,,,,1,5,7,7,7,7,7,6,7,4,7,7,6,6,,,2,1,1,6,2,2,6,4,7,3,1,,,,,,,1,,,1,,,,,1,7,,1,1,,1
R_3fK1C2HEgZdaOdm,Default Response Set,29-12-15 20:57,29-12-15 21:02,1,3,1,3,2008,2,2,4,1,1,1,1,6,6,1,1,3,6,12,6,6,1,9,2,82,1,,1,6,6,6,6,6,6,6,6,6,6,6,,,1,,,,,,,,,,,,,,,,,,,,,,,,,,,1,7,7,7,7,7,7,7,7,7,7,7,7,7,,,1,1,1,1,1,4,7,1,7,1,1,,,,,,,1,,,,,1,,,4,5,,3,1,,2
R_2eX9PHiIqgRthK8,Default Response Set,29-12-15 20:50,29-12-15 21:08,1,1,1,2,2015,1,2,4,2,2,2,2,5,5,3,3,12,4,2,5,4,7,3,2,1985,1,,1,6,4,6,6,4,4,6,6,1,7,5,,,,,,,,1,,,,1,,1,,,,,,13,13,,,,,,,,,1,6,5,6,6,7,3,6,7,3,5,5,5,6,,,4,2,3,2,3,6,3,6,7,5,1,,,,,,,1,,,,,,1,??? ?? ????? ??????,1,1,,3,1,,4
R_2c5ubPRltoVpdJF,Default Response Set,29-12-15 21:23,29-12-15 21:30,1,4,1,4,2007,4,2,4,12,12,2,2,4,4,2,12,3,4,12,5,4,2,8,2,1980,1,,1,4,4,5,5,5,7,6,6,5,7,7,,,,,,,,,,,,,,,1,???????,,,,,,,13,,13,13,,,,1,4,6,5,7,6,6,4,4,6,6,4,3,3,,,3,1,3,5,2,5,6,5,5,2,,,,1,???? ???,,,,1,?????? ?????? ??????,,,,1,?????? ?????? ?????,1,4,,1,1,,1
R_1B8MBe0QDLnlQZj,Default Response Set,29-12-15 22:23,29-12-15 22:35,1,2,1,3,2015,4,1,4,1,1,1,1,12,12,1,3,2,4,2,4,4,3,8,2,1989,3,,1,4,5,6,5,7,6,7,7,4,7,5,7,,1,,,,,,1,,,,,,,,,,,,,,,,,,13,,,1,5,5,6,6,2,3,4,7,7,7,7,6,7,7,,1,3,6,7,2,7,7,2,7,1,,1,,,,,,1,,,1,,,,,1,10,,1,1,,1
R_DN3ZINl7XETifVD,Default Response Set,29-12-15 23:16,29-12-15 23:32,1,1,1,3,2015,1,1,4,12,1,1,1,6,6,12,1,2,6,1,6,6,10,0,2,1990,1,,1,4,4,1,4,4,7,4,4,1,6,7,,,,,,1,,,,,,,,,,,,,13,13,,,,,,,,13,?????? ?????? ?????,1,3,6,4,6,5,7,2,7,2,3,3,3,1,,????? ?????? ??????,1,1,3,3,1,4,6,7,7,1,,,,1,?? ??? ??????,,,1,,,1,,,,,2,11,????? ?????? ?????? ?????? ????????,1,1,,3
R_3nHJyDR9NGT1gUY,Default Response Set,30-12-15 0:04,30-12-15 0:14,1,3,1,3,2015,1,1,4,12,12,3,2,5,5,12,3,2,5,3,4,5,6,4,2,1976,2,,1,6,6,6,7,,6,4,6,3,7,7,,,,,1,,,,,,,,,,,,,,,,,,13,,,,,,,1,5,3,6,7,2,6,6,7,5,7,7,6,7,,,1,4,2,7,4,7,5,6,7,3,,1,,,,,1,,,,,1,,,,1,4,,1,1,,3
R_2YPymW2U8EU5Jep,Default Response Set,29-12-15 18:16,30-12-15 2:33,1,1,1,3,2009,4,2,4,2,2,2,2,6,6,2,12,12,6,12,6,6,1,9,2,1982,1,,1,6,6,7,6,7,7,7,7,5,7,7,7,,,,1,,,,,,,,,,,,,,13,13,,,13,,13,,,,,1,7,7,7,4,4,7,4,7,7,7,7,7,7,7,,3,1,2,5,2,2,5,7,7,2,,1,,,,,,1,,,,,,1,????? ?? ????? ????? ????? ??????? ?????? ???? ???,1,4,,3,1,,3
R_2ylbwdUDTHIwASk,Default Response Set,30-12-15 8:22,30-12-15 8:31,1,2,1,3,2015,1,2,1,2,2,3,12,5,5,12,1,1,5,12,4,6,1,9,2,1989,3,,1,4,4,7,6,7,6,6,7,5,7,7,7,,,1,,,,,,,,,,,,,13,13,,13,13,,,,,,,,,1,7,7,7,7,7,7,7,7,7,7,7,7,7,7,,4,1,5,2,4,5,6,6,6,1,1,,,,,1,,,,,1,,,,,1,1,,1,1,,1
R_08GYl0t2AflYEFP,Default Response Set,30-12-15 9:13,30-12-15 9:21,1,4,1,3,2014,1,1,4,12,12,12,12,5,3,2,12,2,5,2,6,5,0,9,2,1986,1,,1,7,7,7,6,6,6,6,7,4,7,7,,,,,,,,1,,,,,,,,,,,,13,,,,,,,,,,1,6,6,6,4,4,3,4,7,2,7,6,7,7,7,,5,2,2,6,4,7,5,6,7,4,,1,,,,,,1,,,,,1,,,1,1,,1,1,,1
R_1QGv9UuXsjwXYae,Default Response Set,29-12-15 18:26,30-12-15 9:47,1,4,1,3,2008,2,2,4,2,2,3,3,4,4,5,4,3,4,4,6,6,6,5,2,1978,5,,1,2,3,6,4,5,3,6,6,1,7,7,7,,,,,,,,,,,1,,,,,13,,,,,,,,,,,,,1,4,7,7,7,4,5,6,7,7,7,5,3,3,7,,5,1,6,5,7,7,7,7,6,7,1,,,,,,,,1,?????? ???? ????? ??????? ????? ???? ?????,1,,,,,1,1,,1,1,,1
R_2OIvLbpUHg0ymDM,Default Response Set,30-12-15 10:39,30-12-15 10:46,1,1,1,3,2015,1,1,1,12,2,4,3,5,4,2,1,1,3,12,6,4,0,8,2,1989,3,,1,5,5,7,7,7,7,7,7,4,7,5,,,,,,,,,,,,,,1,,,,13,,,,,,,13,,,,,1,1,1,1,1,2,1,1,2,1,1,1,1,2,,,7,1,1,2,1,1,1,1,7,1,1,,,,,,1,,,,,,1,,,1,4,,3,1,,1
R_1jOlGYsThQXs5o0,Default Response Set,30-12-15 10:40,30-12-15 10:51,1,3,1,4,4,4,1,4,1,1,2,1,5,5,2,12,2,6,1,5,5,1,10,2,1985,3,,2,7,6,7,6,5,7,7,7,6,7,7,7,,,,1,,1,,,,,,,,,,,,,13,13,,13,,,,,,,1,5,7,6,5,7,7,5,4,5,7,2,2,4,7,,5,2,2,6,3,7,7,5,7,5,,1,,,,1,1,,,,1,,,,,1,3,,1,1,,1
R_2q9Ra4yEfXznzdE,Default Response Set,30-12-15 9:39,30-12-15 10:55,1,3,1,3,2013,2,1,4,2,2,3,2,5,5,2,1,5,5,2,5,5,3,10,2,1987,1,,1,6,6,6,4,7,6,6,7,1,7,6,,,1,1,1,1,1,1,,1,,1,1,1,,??? ???? ?????,,,,,,,,,,,,13,????? ??? ????? ?????,1,1,1,1,4,1,7,7,2,7,1,1,1,1,,"??? ?? ????? ?? ????? ???? ?????, ??? ???? ??? ???? ??? ????? ?????? ???? ????? ??????? ??? ????? ?????? ????",7,1,1,1,1,7,7,7,1,7,,1,,,,,1,,,,1,,,,,1,1,,1,4,"???????? , ???? ??????",1
R_stCqHQKo6jETOM1,Default Response Set,30-12-15 12:42,30-12-15 12:50,1,4,1,3,2013,2,1,4,5,5,5,5,12,12,5,5,1,12,5,2,12,3,7,2,1987,1,,1,1,2,4,5,6,5,2,2,1,7,7,1,,,,,,,,,,,1,,,,,,,,13,13,,,,,,,,,1,1,3,1,1,1,1,2,2,1,1,1,1,1,,,3,1,3,3,2,1,3,3,3,2,1,,,,,,,1,,,1,,,,,1,1,,1,4,???,1
R_1Cg4uufqrQGyQ0Y,Default Response Set,30-12-15 13:12,30-12-15 13:17,1,1,1,3,2012,2,1,3,2,3,3,3,4,3,4,3,12,4,2,4,4,3,5,1,1978,1,,1,3,5,6,6,6,5,4,6,3,7,7,7,,,,,,,,,,,1,,,1,,,,,13,,,,,,,,13,,1,4,6,6,2,2,1,4,6,2,7,4,6,7,7,,3,3,6,6,5,7,6,7,7,3,1,,,,,1,,,,,1,,,,,1,4,,1,1,,1
R_6ok2Red8FeCUZdn,Default Response Set,30-12-15 20:04,30-12-15 20:14,1,3,1,4,2002,4,1,1,2,12,2,12,2,3,1,1,12,5,12,4,5,9,1,2,1974,1,,1,4,4,5,3,6,2,2,5,3,6,5,7,,,,1,,,,1,,,,,,,,,,,13,,,13,,,,,,,1,1,4,2,5,2,3,1,7,2,4,2,1,1,7,,4,2,2,3,2,7,7,7,5,4,,1,,,,,,1,,,,1,,,,1,2,,1,1,,1
R_2UbHiNtsdYfGCub,Default Response Set,30-12-15 22:15,30-12-15 23:12,1,1,1,4,2008,4,1,1,2,2,1,5,3,5,4,2,6,6,2,4,4,3,6,2,1983,1,,1,5,4,5,4,4,1,6,6,6,6,6,,,,,,,1,,,,,,,,,,,,,,,,,,,,,,,1,5,7,6,6,7,7,5,7,6,6,5,3,4,,,2,4,2,4,4,4,5,3,6,4,1,,,,,,1,,,,,,,,,1,1,,1,1,,1
R_2QFEtrND6GlXWPE,Default Response Set,31-12-15 3:43,31-12-15 3:48,1,3,1,3,2012,3,2,3,2,2,3,2,5,4,3,3,2,5,2,4,5,4,5,2,1988,1,,1,5,5,6,6,3,5,4,6,3,6,7,7,,,1,,,,,,,,,,,,,,,13,,13,,,13,,,,,,1,3,6,6,6,3,1,3,6,1,5,2,2,5,,,4,5,4,6,2,2,6,4,6,3,,,,1,,,1,,,,1,,,,,1,7,,1,1,,2
R_2rVdDdcjEm5jzaW,Default Response Set,31-12-15 17:25,31-12-15 17:31,1,2,1,3,2008,4,2,2,1,12,12,12,5,4,2,12,6,6,12,6,5,0,9,2,1981,1,,1,6,5,7,5,5,6,7,6,7,7,7,7,,1,,,,,,,,,,,,,,,,,,,,,,,,,,,1,7,7,7,7,7,7,7,7,7,7,7,7,7,7,,1,3,2,2,2,7,7,5,7,3,,1,,,,,,1,,,1,,,,,1,3,,1,1,,1
R_1jq8astyTghPhSu,Default Response Set,02-01-16 13:51,02-01-16 13:59,1,3,1,4,2010,4,2,3,3,3,3,2,4,3,3,3,4,5,3,5,5,1,9,2,1983,3,,1,6,6,7,6,7,7,6,7,6,7,7,7,,1,,,,,,,,,,,,,,,,,,,,,,,,,13,?? ???????,1,5,6,7,6,6,6,6,7,7,7,6,6,6,7,,6,2,5,2,2,6,7,7,7,2,,1,,,,,,1,,,,,,1,,1,7,,1,1,,1
R_ZkLwQdzyWpVqPi9,Default Response Set,05-01-16 0:57,05-01-16 1:02,1,1,1,4,2012,1,1,4,1,1,1,1,5,5,1,1,6,6,1,6,5,0,10,2,1981,3,,1,7,7,7,7,7,7,7,7,7,7,7,7,,1,,,,,,,,,,,,,,,,,,,,,,,,,13,,1,7,7,7,7,4,4,3,7,4,7,7,7,7,7,,1,1,1,4,1,4,4,7,7,1,,1,,,,,,1,,,,,1,,,1,4,,2,1,,1
R_2bPnzzQUogABYSe,Default Response Set,07-01-16 4:21,07-01-16 4:28,1,4,1,3,2003,4,1,1,12,2,2,2,6,3,3,2,3,4,12,5,5,1,0,2,1981,3,,1,7,7,7,7,7,7,7,7,7,7,7,7,,1,,,,,,,,,,,,,,,,,,,,,,,,,13,?? ???????,1,5,6,6,5,6,5,4,5,7,7,5,5,6,,,2,2,2,2,3,7,6,6,7,3,1,,,,,,,1,,,,,1,,,1,7,,3,1,,1
